gene	report_path	uniprot	smart	domain_ft	interpro	pfam	domain_error	hpa_interaction_url	humanppi_count	humanppi_partners	humanppi_error	changed	applied
ASB7	detail/chromatin/ASB7/ASB7-evaluation.md	Q9H672	SM00248;SM00253;SM00969;	"DOMAIN 265..318; /note=""SOCS box""; /evidence=""ECO:0000255|PROSITE-ProRule:PRU00194"""	IPR002110;IPR036770;IPR037326;IPR001496;IPR036036;	PF12796;PF07525;		https://www.proteinatlas.org/ENSG00000183475-ASB7/interaction	8	CUL5;HIF1AN;HMBOX1;RNF7;ASB4;CCDC136;ELOB;GNB2		True	True
CENPX	detail/chromatin/CENPX/CENPX-evaluation.md	A8MT69			IPR018552;	PF09415;		https://www.proteinatlas.org/ENSG00000169689-CENPX/interaction	8	CENPS;BLM;FAAP100;FAAP24;FANCA;FANCC;FANCE;FANCF		True	True
CREB3L4	detail/chromatin/CREB3L4/CREB3L4-evaluation.md	Q8TEY5	SM00338;	"DOMAIN 217..280; /note=""bZIP""; /evidence=""ECO:0000255|PROSITE-ProRule:PRU00978"""	IPR004827;IPR046347;IPR051381;	PF00170;		https://www.proteinatlas.org/ENSG00000143578-CREB3L4/interaction	2	CREB3;GET3		True	True
EME2	detail/chromatin/EME2/EME2-evaluation.md	A4GXA9	SM00891;		IPR042530;IPR006166;IPR033310;IPR047523;	PF21292;PF02732;		https://www.proteinatlas.org/ENSG00000197774-EME2/interaction	1	MUS81		True	True
EXD2	detail/chromatin/EXD2/EXD2-evaluation.md	Q9NVH0	SM00474;	"DOMAIN 155..247; /note=""3'-5' exonuclease""; /evidence=""ECO:0000255"""	IPR002562;IPR051132;IPR012337;IPR036397;	PF01612;		https://www.proteinatlas.org/ENSG00000081177-EXD2/interaction	8	RBBP8;AKAP1;ASPH;C9orf72;CCNF;CLPX;GRAMD2B;MTCH2		True	True
FBXO18	detail/chromatin/FBXO18/FBXO18-evaluation.md	Q8NFZ0		"DOMAIN 138..184; /note=""F-box""; /evidence=""ECO:0000255|PROSITE-ProRule:PRU00080""; DOMAIN 442..705; /note=""UvrD-like helicase ATP-binding""; /evidence=""ECO:0000255|PROSITE-ProRule:PRU00560"""	IPR014017;IPR000212;IPR036047;IPR001810;IPR027417;IPR014016;	PF12937;PF00580;PF13361;		https://www.proteinatlas.org/ENSG00000134452-FBH1/interaction	0			True	True
GINS4	detail/chromatin/GINS4/GINS4-evaluation.md	Q9BRT9			IPR021151;IPR036224;IPR008591;IPR031633;IPR038749;	PF05916;PF16922;		https://www.proteinatlas.org/ENSG00000147536-GINS4/interaction	8	CDC45;GINS1;GINS2;SIK1;BIN3;CTNNBIP1;DMAP1;GINS3		True	True
HP1BP3	detail/chromatin/HP1BP3/HP1BP3-evaluation.md	Q5SSJ5	SM00526;	"DOMAIN 157..232; /note=""H15 1""; /evidence=""ECO:0000255|PROSITE-ProRule:PRU00837""; DOMAIN 255..330; /note=""H15 2""; /evidence=""ECO:0000255|PROSITE-ProRule:PRU00837""; DOMAIN 337..413; /note=""H15 3""; /evidence=""ECO:0000255|PROSITE-ProRule:PRU00837"""	IPR005818;IPR036388;IPR036390;	PF00538;		https://www.proteinatlas.org/ENSG00000127483-HP1BP3/interaction	8	H2AC4;IPO7;RPL5;RPS16;ANAPC4;ANLN;ATG13;BRD4		True	True
LRWD1	detail/chromatin/LRWD1/LRWD1-evaluation.md	Q9UFC0	SM00369;SM00320;		IPR001611;IPR003591;IPR032675;IPR056363;IPR052489;IPR015943;IPR019775;IPR036322;IPR001680;IPR056160;	PF23211;PF23215;		https://www.proteinatlas.org/ENSG00000161036-LRWD1/interaction	8	ALKBH4;BAG2;CCNA2;CUL1;FXR1;GMNN;H4C1;MYC		True	True
MACROH2A2	detail/chromatin/MACROH2A2/MACROH2A2-evaluation.md	Q9P0M6	SM00506;SM00414;	"DOMAIN 2..117; /note=""Histone H2A""; DOMAIN 184..370; /note=""Macro""; /evidence=""ECO:0000255|PROSITE-ProRule:PRU00490"""	IPR021171;IPR007125;IPR009072;IPR002119;IPR032454;IPR002589;IPR043472;IPR035796;	PF00125;PF16211;PF01661;		https://www.proteinatlas.org/ENSG00000099284-MACROH2A2/interaction	8	SSRP1;BRD2;BRD3;FAM133A;H2AZ1;H2BC1;H3C1;HMGA1		True	True
MPHOSPH8	detail/chromatin/MPHOSPH8/MPHOSPH8-evaluation.md	Q99549	SM00248;SM00298;	"DOMAIN 59..118; /note=""Chromo""; /evidence=""ECO:0000255|PROSITE-ProRule:PRU00053"""	IPR002110;IPR036770;IPR016197;IPR000953;IPR023780;IPR023779;IPR050889;	PF00023;PF12796;PF00385;		https://www.proteinatlas.org/ENSG00000196199-MPHOSPH8/interaction	8	EHMT1;TASOR;CGAS;DNMT3A;H2BC8;H3-3A;H3C1;H3C10		True	True
RBPJL	detail/chromatin/RBPJL/RBPJL-evaluation.md	Q9UBG7	SM01268;SM01267;	"DOMAIN 387..512; /note=""IPT/TIG"""	IPR015350;IPR036358;IPR040159;IPR013783;IPR014756;IPR008967;IPR015351;IPR037095;IPR038007;	PF09270;PF09271;PF20144;		https://www.proteinatlas.org/ENSG00000124232-RBPJL/interaction	0			True	True
SAMD1	detail/chromatin/SAMD1/SAMD1-evaluation.md	Q6SPF0	SM00454;	"DOMAIN 23..99; /note=""SAMD1-like winged helix (WH)""; /evidence=""ECO:0000255|PROSITE-ProRule:PRU01358, ECO:0000303|PubMed:33980486""; DOMAIN 462..530; /note=""SAM""; /evidence=""ECO:0000255|PROSITE-ProRule:PRU00184"""	IPR001660;IPR013761;IPR056983;IPR048589;	PF00536;PF24971;PF21524;		https://www.proteinatlas.org/ENSG00000141858-SAMD1/interaction	2	KDM1A;L3MBTL3		True	True
SPINDOC	detail/chromatin/SPINDOC/SPINDOC-evaluation.md	Q9BUA3			IPR040647;IPR052675;	PF18658;		https://www.proteinatlas.org/ENSG00000168005-SPINDOC/interaction	6	NTAQ1;RC3H1;SPIN1;SPIN2B;SPIN3;UQCRC1		True	True
BLMH	detail/nuclear-body/BLMH/BLMH-evaluation.md	Q13867			IPR038765;IPR000169;IPR004134;	PF03051;		https://www.proteinatlas.org/ENSG00000108578-BLMH/interaction	8	APP;NUDT12;C12orf57;CCNF;DBF4;DHX16;IDI1;NTAQ1		True	True
ENOPH1	detail/nuclear-body/ENOPH1/ENOPH1-evaluation.md	Q9UHY7			IPR023943;IPR027511;IPR036412;IPR006439;IPR023214;	PF00702;		https://www.proteinatlas.org/ENSG00000145293-ENOPH1/interaction	6	RNF41;ACTA2;RPS27;TOR2A;VPS52;ZNF280A		True	True
EXOSC7	detail/nuclear-body/EXOSC7/EXOSC7-evaluation.md	Q15024			IPR001247;IPR015847;IPR036345;IPR050590;IPR027408;IPR020568;	PF01138;PF03725;		https://www.proteinatlas.org/ENSG00000075914-EXOSC7/interaction	8	DIS3L;EXOSC1;EXOSC10;EXOSC2;EXOSC3;EXOSC4;EXOSC5;EXOSC6		True	True
FAM175A	detail/nuclear-body/FAM175A/FAM175A-evaluation.md	Q6UWZ7		"DOMAIN 7..160; /note=""MPN""; /evidence=""ECO:0000255|PROSITE-ProRule:PRU01182"""	IPR023239;IPR023238;IPR037518;	PF21125;		https://www.proteinatlas.org/ENSG00000163322-ABRAXAS1/interaction	0			True	True
MRPL44	detail/nuclear-body/MRPL44/MRPL44-evaluation.md	Q9H9J2		"DOMAIN 236..306; /note=""DRBM""; /evidence=""ECO:0000255|PROSITE-ProRule:PRU00266"""	IPR014720;IPR044444;IPR055189;IPR036389;	PF22892;PF22935;		https://www.proteinatlas.org/ENSG00000135900-MRPL44/interaction	8	IMMT;MRPL13;MRPL18;MRPL21;MRPL23;MRPL27;MRPL28;MRPL37		True	True
NME8	detail/nuclear-body/NME8/NME8-evaluation.md	Q8N427	SM00562;	"DOMAIN 2..119; /note=""Thioredoxin""; /evidence=""ECO:0000255|PROSITE-ProRule:PRU00691"""	IPR034907;IPR036850;IPR036249;IPR017937;IPR013766;IPR051766;	PF00334;PF00085;		https://www.proteinatlas.org/ENSG00000086288-NME8/interaction	1	BACH1		True	True
NOC3L	detail/nuclear-body/NOC3L/NOC3L-evaluation.md	Q8WTT2			IPR016024;IPR005612;IPR011501;IPR016903;	PF03914;PF07540;		https://www.proteinatlas.org/ENSG00000173145-NOC3L/interaction	8	H1-4;IPO5;PRKRA;RPL4;RPLP0;RPS6;ABT1;ANLN		True	True
NSMCE4A	detail/nuclear-body/NSMCE4A/NSMCE4A-evaluation.md	Q9NXX6			IPR027786;IPR014854;IPR029225;	PF15412;PF08743;		https://www.proteinatlas.org/ENSG00000107672-NSMCE4A/interaction	8	NSMCE1;NSMCE3;MAGEA1;MAGEE1;PJA1;SMC5;SMC6;TRIM31		True	True
AHCTF1	detail/nuclear-envelope/AHCTF1/AHCTF1-evaluation.md	Q8WYP5			IPR032040;IPR052620;IPR025151;IPR011047;	PF13934;PF16687;		https://www.proteinatlas.org/ENSG00000153207-AHCTF1/interaction	8	NUP107;NUP133;NUP160;NUP37;NUP43;HMGA1;LMNA;MYC		True	True
BROX	detail/nuclear-envelope/BROX/BROX-evaluation.md	Q5VW32	SM01041;	"DOMAIN 90..408; /note=""BRO1""; /evidence=""ECO:0000255|PROSITE-ProRule:PRU00526"""	IPR004328;IPR038499;IPR038898;	PF03097;		https://www.proteinatlas.org/ENSG00000162819-BROX/interaction	3	CHMP4B;RNF149;TCEA1		True	True
CCDC77	detail/nuclear-envelope/CCDC77/CCDC77-evaluation.md	Q9BR77			IPR037696;			https://www.proteinatlas.org/ENSG00000120647-CCDC77/interaction	4	CCDC14;CEP135;NINL;PCM1		True	True
CES3	detail/nuclear-envelope/CES3/CES3-evaluation.md	Q6UWW8			IPR029058;IPR002018;IPR019826;IPR050309;	PF00135;		https://www.proteinatlas.org/ENSG00000172828-CES3/interaction	0			True	True
CNEP1R1	detail/nuclear-envelope/CNEP1R1/CNEP1R1-evaluation.md	Q8N9A8			IPR019168;	PF09771;		https://www.proteinatlas.org/ENSG00000205423-CNEP1R1/interaction	2	CTDNEP1;UBE2N		True	True
CTDNEP1	detail/nuclear-envelope/CTDNEP1/CTDNEP1-evaluation.md	O95476	SM00577;	"DOMAIN 57..224; /note=""FCP1 homology""; /evidence=""ECO:0000255|PROSITE-ProRule:PRU00336"""	IPR011948;IPR004274;IPR036412;IPR023214;IPR050365;	PF03031;		https://www.proteinatlas.org/ENSG00000175826-CTDNEP1/interaction	3	CDCA3;CNEP1R1;UBQLN2		True	True
DCTN5	detail/nuclear-envelope/DCTN5/DCTN5-evaluation.md	Q9BTE1			IPR047125;IPR011004;	PF21711;		https://www.proteinatlas.org/ENSG00000166847-DCTN5/interaction	8	ACTR1A;ACTR1B;CAPZA2;CAPZB;DCTN2;DCTN6;ACTB;ACTG1		True	True
DDX19B	detail/nuclear-envelope/DDX19B/DDX19B-evaluation.md	Q9UMR2	SM00487;SM00490;	"DOMAIN 125..295; /note=""Helicase ATP-binding""; /evidence=""ECO:0000255|PROSITE-ProRule:PRU00541""; DOMAIN 306..474; /note=""Helicase C-terminal""; /evidence=""ECO:0000255|PROSITE-ProRule:PRU00542"""	IPR011545;IPR014001;IPR001650;IPR027417;IPR014014;	PF00270;PF00271;		https://www.proteinatlas.org/ENSG00000157349-DDX19B/interaction	8	MIF4GD;ACOT6;ALPI;APBA3;ARL11;ARL4D;C1QTNF9B;CA6		True	True
DNAJC1	detail/nuclear-envelope/DNAJC1/DNAJC1-evaluation.md	Q96KC8	SM00271;SM00717;	"DOMAIN 65..129; /note=""J""; /evidence=""ECO:0000255|PROSITE-ProRule:PRU00286""; DOMAIN 325..379; /note=""SANT 1""; /evidence=""ECO:0000255|PROSITE-ProRule:PRU00624""; DOMAIN 492..547; /note=""SANT 2""; /evidence=""ECO:0000255|PROSITE-ProRule:PRU00624"""	IPR001623;IPR018253;IPR052606;IPR009057;IPR036869;IPR001005;IPR017884;	PF00226;PF23082;		https://www.proteinatlas.org/ENSG00000136770-DNAJC1/interaction	8	SERPINA3;ATP6V0C;BCAP31;CANX;CCDC47;CFTR;CKAP4;CMTM7		True	True
FAM188A	detail/nuclear-envelope/FAM188A/FAM188A-evaluation.md	Q9H8M7	SM01174;		IPR011992;IPR025257;IPR039785;	PF13898;		https://www.proteinatlas.org/ENSG00000148481-MINDY3/interaction	0			True	True
GCHFR	detail/nuclear-envelope/GCHFR/GCHFR-evaluation.md	P30047			IPR036717;IPR009112;	PF06399;		https://www.proteinatlas.org/ENSG00000137880-GCHFR/interaction	0			True	True
MINDY3	detail/nuclear-envelope/MINDY3/MINDY3-evaluation.md	Q9H8M7	SM01174;		IPR011992;IPR025257;IPR039785;	PF13898;		https://www.proteinatlas.org/ENSG00000148481-MINDY3/interaction	7	TRIM49;COPS5;DAZAP2;RAD23A;SDCBP;TRIM49C;UBC		True	True
MTMR8	detail/nuclear-envelope/MTMR8/MTMR8-evaluation.md	Q96EF0	SM00404;	"DOMAIN 126..500; /note=""Myotubularin phosphatase""; /evidence=""ECO:0000255|PROSITE-ProRule:PRU00669"""	IPR030591;IPR030564;IPR010569;IPR048994;IPR011993;IPR029021;IPR016130;IPR003595;	PF06602;PF21098;		https://www.proteinatlas.org/ENSG00000102043-MTMR8/interaction	3	MTMR9;STIP1;TAB1		True	True
OTULINL	detail/nuclear-envelope/OTULINL/OTULINL-evaluation.md	Q9NUU6		"DOMAIN 128..356; /note=""OTU""; /evidence=""ECO:0000255|PROSITE-ProRule:PRU00139"""	IPR023235;IPR023236;	PF16218;		https://www.proteinatlas.org/ENSG00000145569-OTULINL/interaction	8	TMX2;AQP6;ESYT2;GOLT1A;HSD17B11;HTRA2;JAGN1;KLF11		True	True
SPDYA	detail/nuclear-envelope/SPDYA/SPDYA-evaluation.md	Q5MJ70			IPR020984;IPR052316;	PF11357;		https://www.proteinatlas.org/ENSG00000163806-SPDYA/interaction	4	CDKN1B;AQP1;CDK2;CDK5		True	True
TERB1	detail/nuclear-envelope/TERB1/TERB1-evaluation.md	Q8NA31	SM00717;	"DOMAIN 666..719; /note=""Myb-like"""	IPR011989;IPR016024;IPR009057;IPR001005;IPR042359;	PF00249;		https://www.proteinatlas.org/ENSG00000249961-TERB1/interaction	1	TERF1		True	True
ATXN7L3	detail/nuclear-speckle/ATXN7L3/ATXN7L3-evaluation.md	Q14CW9		"DOMAIN 196..263; /note=""SCA7""; /evidence=""ECO:0000255|HAMAP-Rule:MF_03047"""	IPR013246;IPR013243;IPR051078;	PF08313;PF08209;		https://www.proteinatlas.org/ENSG00000087152-ATXN7L3/interaction	8	ENY2;TRRAP;USP22;ATXN7;ATXN7L1;ATXN7L2;KAT2A;KAT2B		True	True
BEND5	detail/nuclear-speckle/BEND5/BEND5-evaluation.md	Q7L4P6	SM01025;	"DOMAIN 302..408; /note=""BEN""; /evidence=""ECO:0000255|PROSITE-ProRule:PRU00784"""	IPR018379;IPR040391;	PF10523;		https://www.proteinatlas.org/ENSG00000162373-BEND5/interaction	8	GORASP2;PRKAB2;BUD31;EIF3D;FAM161A;LCE1B;NTAQ1;PIMREG		True	True
BMP2K	detail/nuclear-speckle/BMP2K/BMP2K-evaluation.md	Q9NSY1	SM00220;	"DOMAIN 51..316; /note=""Protein kinase""; /evidence=""ECO:0000255|PROSITE-ProRule:PRU00159"""	IPR051744;IPR028182;IPR011009;IPR000719;IPR008271;	PF15282;PF00069;		https://www.proteinatlas.org/ENSG00000138756-BMP2K/interaction	8	AP2B1;AP2S1;CLTA;RALBP1;RUNDC3A;ACAA1;AP1B1;AP2A2		True	True
BPNT1	detail/nuclear-speckle/BPNT1/BPNT1-evaluation.md	O95861			IPR050725;IPR020583;IPR000760;IPR020550;	PF00459;		https://www.proteinatlas.org/ENSG00000162813-BPNT1/interaction	8	ACTR2;CDH2;LARP4;LYN;MAP3K4;MTMR1;PCNP;RAB5IF		True	True
C12orf57	detail/nuclear-speckle/C12orf57/C12orf57-evaluation.md	Q99622			IPR026317;	PF14974;		https://www.proteinatlas.org/ENSG00000111678-C12orf57/interaction	8	AGAP3;ANKK1;BLMH;CAPZB;CCNL1;CNOT7;CRYBG2;EMC4		True	True
DYNC2I2	detail/nuclear-speckle/DYNC2I2/DYNC2I2-evaluation.md	Q96EX3	SM00320;		IPR050687;IPR015943;IPR036322;IPR001680;	PF00400;		https://www.proteinatlas.org/ENSG00000119333-DYNC2I2/interaction	8	DYNC2I1;DYNLL1;DYNLL2;DYNLRB1;DYNLT1;DYNLT2B;CIAO2A;COIL		True	True
F8A2	detail/nuclear-speckle/F8A2/F8A2-evaluation.md	P23610			IPR039494;IPR011990;			https://www.proteinatlas.org/ENSG00000288709-F8A2/interaction	1	HTT		True	True
FAM76B	detail/nuclear-speckle/FAM76B/FAM76B-evaluation.md	Q5HYJ3			IPR032017;	PF16046;		https://www.proteinatlas.org/ENSG00000077458-FAM76B/interaction	8	ADO;CTTN;KRTAP10-11;KRTAP10-5;KRTAP10-7;KRTAP10-8;KRTAP10-9;KRTAP4-7		True	True
FYTTD1	detail/nuclear-speckle/FYTTD1/FYTTD1-evaluation.md	Q96QD9			IPR009782;	PF07078;		https://www.proteinatlas.org/ENSG00000122068-FYTTD1/interaction	8	DDX39B;HNRNPC;RBM39;CHTOP;ERH;MYC;NXF1;RBM33		True	True
GEMIN7	detail/nuclear-speckle/GEMIN7/GEMIN7-evaluation.md	Q9H840		"DOMAIN 1..29; /note=""SUZ-C""; /evidence=""ECO:0000255|PROSITE-ProRule:PRU01287""; DOMAIN 65..131; /note=""Sm""; /evidence=""ECO:0000255|PROSITE-ProRule:PRU01346"""	IPR047575;IPR020338;IPR024642;	PF11095;		https://www.proteinatlas.org/ENSG00000142252-GEMIN7/interaction	8	DDX20;GEMIN4;GEMIN5;GEMIN6;GEMIN8;LSM11;SNRPE;STRAP		True	True
HMG20B	detail/nuclear-speckle/HMG20B/HMG20B-evaluation.md	Q9P0W2	SM00398;		IPR051965;IPR009071;IPR036910;	PF00505;		https://www.proteinatlas.org/ENSG00000064961-HMG20B/interaction	8	BRCA2;HDAC1;HDAC2;HMG20A;KRT38;C14orf119;CCDC102B;CRYAA		True	True
ITGB1BP1	detail/nuclear-speckle/ITGB1BP1/ITGB1BP1-evaluation.md	O14713	SM00462;	"DOMAIN 58..200; /note=""PID"""	IPR019517;IPR006020;	PF10480;		https://www.proteinatlas.org/ENSG00000119185-ITGB1BP1/interaction	8	KRIT1;ATXN1;DLD;FIGNL1;ITGB1;LRP1;LRP2;PGRMC1		True	True
KLHDC2	detail/nuclear-speckle/KLHDC2/KLHDC2-evaluation.md	Q9Y2U9			IPR015915;	PF24681;		https://www.proteinatlas.org/ENSG00000165516-KLHDC2/interaction	8	CUL2;CUL5;SELENOS;ACADL;AFAP1L1;ARIH1;EEF1AKMT3;ELOB		True	True
LGALS13	detail/nuclear-speckle/LGALS13/LGALS13-evaluation.md	Q9UHV8	SM00908;SM00276;	"DOMAIN 6..138; /note=""Galectin""; /evidence=""ECO:0000255|PROSITE-ProRule:PRU00639"""	IPR013320;IPR044156;IPR001079;	PF00337;		https://www.proteinatlas.org/ENSG00000105198-LGALS13/interaction	4	NUFIP2;OTX1;PACSIN3;POU4F2		True	True
LYRM4	detail/nuclear-speckle/LYRM4/LYRM4-evaluation.md	Q9HD34			IPR008011;IPR045297;IPR051522;	PF05347;		https://www.proteinatlas.org/ENSG00000214113-LYRM4/interaction	8	ISCU;NDUFAB1;NFS1;C1QBP;CLPP;CS;EPS8;HSCB		True	True
MINDY1	detail/nuclear-speckle/MINDY1/MINDY1-evaluation.md	Q8N5J2			IPR007518;IPR033979;	PF04424;		https://www.proteinatlas.org/ENSG00000143409-MINDY1/interaction	2	ESR1;UBC		True	True
NSMCE2	detail/nuclear-speckle/NSMCE2/NSMCE2-evaluation.md	Q96MF7			IPR026846;IPR004181;IPR013083;	PF11789;		https://www.proteinatlas.org/ENSG00000156831-NSMCE2/interaction	8	NSMCE1;NSMCE3;SMC6;EID3;FGFR3;GSN;RAD21;RNF146		True	True
PHYHD1	detail/nuclear-speckle/PHYHD1/PHYHD1-evaluation.md	Q5SRE7			IPR008775;	PF05721;		https://www.proteinatlas.org/ENSG00000175287-PHYHD1/interaction	3	IPO7;POT1;PRPS1		True	True
PYROXD1	detail/nuclear-speckle/PYROXD1/PYROXD1-evaluation.md	Q8WU10			IPR050260;IPR036188;IPR023753;IPR016156;IPR041575;	PF07992;PF18267;		https://www.proteinatlas.org/ENSG00000121350-PYROXD1/interaction	1	UPRT		True	True
RASL11A	detail/nuclear-speckle/RASL11A/RASL11A-evaluation.md	Q6T310	SM00175;SM00173;SM00174;		IPR027417;IPR051065;IPR005225;IPR001806;	PF00071;		https://www.proteinatlas.org/ENSG00000122035-RASL11A/interaction	8	ARHGEF17;DTYMK;HTT;MBL2;PRPS1L1;RTF2;SAR1B;SBDS		True	True
REXO4	detail/nuclear-speckle/REXO4/REXO4-evaluation.md	Q9GZR2	SM00479;	"DOMAIN 243..394; /note=""Exonuclease"""	IPR037431;IPR047021;IPR013520;IPR012337;IPR036397;	PF00929;		https://www.proteinatlas.org/ENSG00000148300-REXO4/interaction	8	DDX24;NIFK;PUM3;RBM28;RPL7A;APEX1;BAZ1B;C7orf50		True	True
UIMC1	detail/nuclear-speckle/UIMC1/UIMC1-evaluation.md	Q96RL1	SM00726;	"DOMAIN 80..99; /note=""UIM 1""; /evidence=""ECO:0000255|PROSITE-ProRule:PRU00213""; DOMAIN 105..124; /note=""UIM 2""; /evidence=""ECO:0000255|PROSITE-ProRule:PRU00213"""	IPR006642;IPR038868;IPR040714;IPR003903;	PF18282;		https://www.proteinatlas.org/ENSG00000087206-UIMC1/interaction	8	ABRAXAS1;BRCA1;DVL2;BABAM1;BABAM2;BARD1;BRCC3;C1QBP		True	True
VPS72	detail/nuclear-speckle/VPS72/VPS72-evaluation.md	Q15906	SM00993;		IPR013272;IPR046757;	PF05764;PF08265;		https://www.proteinatlas.org/ENSG00000163159-VPS72/interaction	8	DMAP1;H2AZ1;KAT5;MDFI;MRGBP;RUVBL1;RUVBL2;TRRAP		True	True
ARFIP2	detail/nucleolus/ARFIP2/ARFIP2-evaluation.md	P53365	SM01015;	"DOMAIN 121..321; /note=""AH""; /evidence=""ECO:0000255|PROSITE-ProRule:PRU00294"""	IPR027267;IPR010504;IPR030798;	PF06456;		https://www.proteinatlas.org/ENSG00000132254-ARFIP2/interaction	8	ARF1;ARF6;ARFIP1;ITGB3BP;NFE2L2;RAC1;AGTRAP;ARF3		True	True
ARL14EP	detail/nucleolus/ARL14EP/ARL14EP-evaluation.md	Q8N8R7			IPR029264;	PF14949;		https://www.proteinatlas.org/ENSG00000152219-ARL14EP/interaction	8	ATF7IP;ATF7IP2;SETDB2;ACTR2;APPL1;ARL14;ARPC1A;ARPC2		True	True
ARL4A	detail/nucleolus/ARL4A/ARL4A-evaluation.md	P40617	SM00177;SM00175;SM00173;SM00178;		IPR027417;IPR005225;IPR024156;IPR006689;	PF00025;		https://www.proteinatlas.org/ENSG00000122644-ARL4A/interaction	8	CCDC102B;CCDC57;ELMO1;EVI5;GCC2;GOLGA2;KPNA2;KRT19		True	True
BAHCC1	detail/nucleolus/BAHCC1/BAHCC1-evaluation.md	Q9P281	SM00439;	"DOMAIN 2513..2633; /note=""BAH""; /evidence=""ECO:0000255|PROSITE-ProRule:PRU00370"""	IPR001025;IPR052429;IPR043151;IPR048924;IPR056841;IPR047411;	PF01426;PF21744;PF24912;		https://www.proteinatlas.org/ENSG00000266074-BAHCC1/interaction	7	SAP30;SINHCAF;GSTP1;HDAC1;ING2;RBBP7;TGIF2LX		True	True
BRIX1	detail/nucleolus/BRIX1/BRIX1-evaluation.md	Q8TDN6	SM00879;	"DOMAIN 60..249; /note=""Brix""; /evidence=""ECO:0000255|PROSITE-ProRule:PRU00034"""	IPR007109;IPR026532;	PF04427;		https://www.proteinatlas.org/ENSG00000113460-BRIX1/interaction	8	CNBP;EBNA1BP2;HNRNPU;ILF3;LIN28A;LYAR;NPM1;NPM3		True	True
CCDC148	detail/nucleolus/CCDC148/CCDC148-evaluation.md	Q8NFR7			IPR039902;			https://www.proteinatlas.org/ENSG00000153237-CCDC148/interaction	3	SAT1;GOLGB1;USHBP1		True	True
CCDC59	detail/nucleolus/CCDC59/CCDC59-evaluation.md	Q9P031			IPR013730;	PF08524;		https://www.proteinatlas.org/ENSG00000133773-CCDC59/interaction	8	IPO5;NIFK;H1-7;HAUS1;HAUS4;KRR1;MAGEA8;NEIL1		True	True
CHCHD1	detail/nucleolus/CHCHD1/CHCHD1-evaluation.md	Q96BP2		"DOMAIN 42..84; /note=""CHCH""; /evidence=""ECO:0000255|PROSITE-ProRule:PRU01150"""	IPR010625;IPR009069;IPR033620;	PF06747;		https://www.proteinatlas.org/ENSG00000172586-CHCHD1/interaction	4	CBY1;MESD;RBM39;SDCBP2		True	True
DEDD2	detail/nucleolus/DEDD2/DEDD2-evaluation.md	Q8WXF8	SM00031;	"DOMAIN 25..104; /note=""DED""; /evidence=""ECO:0000255|PROSITE-ProRule:PRU00065"""	IPR011029;IPR001875;IPR038856;IPR049341;	PF01335;PF20694;		https://www.proteinatlas.org/ENSG00000160570-DEDD2/interaction	6	ATG16L1;CASP8;CFLAR;DEDD;FBXO38;GTF3C3		True	True
DIMT1	detail/nucleolus/DIMT1/DIMT1-evaluation.md	Q9UNQ2	SM00650;		IPR001737;IPR020596;IPR020598;IPR011530;IPR029063;	PF00398;		https://www.proteinatlas.org/ENSG00000086189-DIMT1/interaction	8	RPL3;RPS16;SLX9;ANLN;BAG3;BYSL;DRG1;ESR1		True	True
DNAAF2	detail/nucleolus/DNAAF2/DNAAF2-evaluation.md	Q9NVR5			IPR034727;IPR050734;IPR012981;IPR041442;	PF08190;PF18201;		https://www.proteinatlas.org/ENSG00000165506-DNAAF2/interaction	6	UBE3D;AIP;CSNK2A2;DNAAF10;DNAAF4;PRPF38A		True	True
DNAJC2	detail/nucleolus/DNAJC2/DNAJC2-evaluation.md	Q99543	SM00271;SM00717;	"DOMAIN 88..161; /note=""J""; /evidence=""ECO:0000255|PROSITE-ProRule:PRU00286""; DOMAIN 449..511; /note=""SANT 1""; /evidence=""ECO:0000255|PROSITE-ProRule:PRU00624""; DOMAIN 549..604; /note=""SANT 2""; /evidence=""ECO:0000255|PROSITE-ProRule:PRU00624"""	IPR001623;IPR018253;IPR009057;IPR036869;IPR017930;IPR032003;IPR042569;IPR001005;IPR017884;IPR054076;IPR044634;	PF00226;PF23082;PF16717;PF21884;		https://www.proteinatlas.org/ENSG00000105821-DNAJC2/interaction	8	DRG1;GNL3;H1-10;HSPA14;LTV1;RPL12;RPL13;RPL15		True	True
DNTTIP2	detail/nucleolus/DNTTIP2/DNTTIP2-evaluation.md	Q5QJE6			IPR039883;IPR014810;	PF08698;		https://www.proteinatlas.org/ENSG00000067334-DNTTIP2/interaction	8	CAVIN1;CEP70;CLTA;DNTT;ESR1;ESR2;FBL;GOLGA7		True	True
DQX1	detail/nucleolus/DQX1/DQX1-evaluation.md	Q8TE96	SM00487;SM00847;	"DOMAIN 57..225; /note=""Helicase ATP-binding""; /evidence=""ECO:0000255|PROSITE-ProRule:PRU00541""; DOMAIN 248..447; /note=""Helicase C-terminal""; /evidence=""ECO:0000255|PROSITE-ProRule:PRU00542"""	IPR011709;IPR048333;IPR007502;IPR014001;IPR027417;	PF21010;PF07717;PF04408;		https://www.proteinatlas.org/ENSG00000144045-DQX1/interaction	0			True	True
EBNA1BP2	detail/nucleolus/EBNA1BP2/EBNA1BP2-evaluation.md	Q99848			IPR008610;	PF05890;		https://www.proteinatlas.org/ENSG00000117395-EBNA1BP2/interaction	8	BRIX1;CNBP;LYAR;NPM1;NPM3;RPL11;RPL5;SRP68		True	True
EID3	detail/nucleolus/EID3/EID3-evaluation.md	Q8N140			IPR027786;IPR014854;IPR029225;	PF15412;PF08743;		https://www.proteinatlas.org/ENSG00000255150-EID3/interaction	8	NSMCE1;NSMCE3;SMC5;SMC6;CREBBP;MAGEA1;NAB2;NSMCE2		True	True
FAM207A	detail/nucleolus/FAM207A/FAM207A-evaluation.md	Q9NSI2			IPR028160;	PF15341;		https://www.proteinatlas.org/ENSG00000160256-SLX9/interaction	0			True	True
FBLL1	detail/nucleolus/FBLL1/FBLL1-evaluation.md	A6NHQ2	SM01206;		IPR000692;IPR020813;IPR029063;	PF01269;		https://www.proteinatlas.org/ENSG00000188573-FBLL1/interaction	0			True	True
FCF1	detail/nucleolus/FCF1/FCF1-evaluation.md	Q9Y324	SM00670;	"DOMAIN 67..166; /note=""PINc"""	IPR006984;IPR037503;IPR029060;IPR002716;	PF04900;		https://www.proteinatlas.org/ENSG00000119616-FCF1/interaction	8	BCCIP;FGFBP1;H1-4;MAGEB2;RPL13;RPL31;RPL35;RPL4		True	True
FOXR1	detail/nucleolus/FOXR1/FOXR1-evaluation.md	Q6PIV2	SM00339;		IPR001766;IPR052328;IPR036388;IPR036390;	PF00250;		https://www.proteinatlas.org/ENSG00000176302-FOXR1/interaction	8	A2M;BANP;BRD8;CEP19;DMAP1;DPPA4;EP400;EPC1		True	True
FSAF1	detail/nucleolus/FSAF1/FSAF1-evaluation.md	Q8NDD1			IPR027973;IPR052852;	PF15375;			0		hpa_entry_not_found	True	True
GLTSCR2	detail/nucleolus/GLTSCR2/GLTSCR2-evaluation.md	Q9NZM5			IPR011687;	PF07767;		https://www.proteinatlas.org/ENSG00000105373-NOP53/interaction	0			True	True
GNL2	detail/nucleolus/GNL2/GNL2-evaluation.md	Q13823		"DOMAIN 207..368; /note=""CP-type G""; /evidence=""ECO:0000255|PROSITE-ProRule:PRU01058"""	IPR030378;IPR024929;IPR006073;IPR023179;IPR012971;IPR027417;IPR050755;	PF01926;PF08153;		https://www.proteinatlas.org/ENSG00000134697-GNL2/interaction	8	G3BP2;KRR1;LYAR;NIFK;NPM1;RPL11;RPL31;RPL35		True	True
HDHD3	detail/nucleolus/HDHD3/HDHD3-evaluation.md	Q9BSH5			IPR051828;IPR036412;IPR006439;IPR011949;IPR044924;IPR023214;	PF00702;		https://www.proteinatlas.org/ENSG00000119431-HDHD3/interaction	8	CSTF2;CYP24A1;CYSRT1;FANCL;FOXH1;KLHL38;LONP1;MCCC1		True	True
HUS1B	detail/nucleolus/HUS1B/HUS1B-evaluation.md	Q8NHY5			IPR016580;IPR007150;	PF04005;		https://www.proteinatlas.org/ENSG00000188996-HUS1B/interaction	8	RAD1;RAD9A;HSPA8;MARCHF7;PPP6R1;PSME3IP1;RAB25;SSRP1		True	True
KBTBD2	detail/nucleolus/KBTBD2/KBTBD2-evaluation.md	Q8IY47	SM00875;SM00225;SM00612;	"DOMAIN 31..98; /note=""BTB""; /evidence=""ECO:0000255|PROSITE-ProRule:PRU00037""; DOMAIN 133..229; /note=""BACK""; /evidence=""ECO:0000255"""	IPR011705;IPR017096;IPR000210;IPR030586;IPR047074;IPR015915;IPR006652;IPR011333;	PF07707;PF00651;PF01344;		https://www.proteinatlas.org/ENSG00000170852-KBTBD2/interaction	2	CUL3;PIK3R1		True	True
LLPH	detail/nucleolus/LLPH/LLPH-evaluation.md	Q9BRT6			IPR018784;	PF10169;		https://www.proteinatlas.org/ENSG00000139233-LLPH/interaction	8	DDX21;RPS16;AGR2;ILF3;IPO5;KRR1;PSPC1;RPL11		True	True
LRRC47	detail/nucleolus/LRRC47/LRRC47-evaluation.md	Q8N1G4	SM00873;SM00364;SM00369;		IPR005146;IPR001611;IPR025875;IPR003591;IPR032675;IPR045060;IPR020825;	PF12799;PF13855;		https://www.proteinatlas.org/ENSG00000130764-LRRC47/interaction	8	CCNF;CLNS1A;IQGAP1;PRKN;RACK1;RIOK1;RPS11;RPS16		True	True
MAD2L1BP	detail/nucleolus/MAD2L1BP/MAD2L1BP-evaluation.md	Q15013			IPR009511;IPR053729;	PF06581;		https://www.proteinatlas.org/ENSG00000124688-MAD2L1BP/interaction	8	CDC20;FNDC8;INPP5K;MAD1L1;MAD2L1;TRIP13;BUB1B;DNMBP		True	True
MEAK7	detail/nucleolus/MEAK7/MEAK7-evaluation.md	Q6P9B6	SM00584;	"DOMAIN 244..412; /note=""TLDc""; /evidence=""ECO:0000255|PROSITE-ProRule:PRU01234"""	IPR006571;	PF07534;		https://www.proteinatlas.org/ENSG00000140950-MEAK7/interaction	4	HRAS;KRAS;SLC31A1;TRIP13		True	True
METTL22	detail/nucleolus/METTL22/METTL22-evaluation.md	Q9BUU2			IPR019410;IPR038899;IPR029063;	PF10294;		https://www.proteinatlas.org/ENSG00000067365-METTL22/interaction	1	KIN		True	True
MFAP1	detail/nucleolus/MFAP1/MFAP1-evaluation.md	P55081			IPR033194;IPR009730;	PF06991;		https://www.proteinatlas.org/ENSG00000140259-MFAP1/interaction	8	CD2BP2;COIL;CPSF6;IK;PRPF3;PRPF38A;PRPF4B;RBM39		True	True
MPHOSPH6	detail/nucleolus/MPHOSPH6/MPHOSPH6-evaluation.md	Q99547			IPR019324;	PF10175;		https://www.proteinatlas.org/ENSG00000135698-MPHOSPH6/interaction	8	DIS3L;EXOSC1;EXOSC10;EXOSC2;EXOSC3;EXOSC4;EXOSC5;EXOSC6		True	True
MRI1	detail/nucleolus/MRI1/MRI1-evaluation.md	Q9BV20			IPR000649;IPR005251;IPR042529;IPR011559;IPR027363;IPR037171;	PF01008;		https://www.proteinatlas.org/ENSG00000037757-MRI1/interaction	8	CASP6;COG6;F11R;NUP58;PICK1;PLEKHF2;PRKN;SH3GLB1		True	True
NLE1	detail/nucleolus/NLE1/NLE1-evaluation.md	Q9NVX2	SM00320;		IPR012972;IPR015943;IPR001632;IPR020472;IPR019775;IPR036322;IPR001680;	PF08154;PF00400;		https://www.proteinatlas.org/ENSG00000073536-NLE1/interaction	8	CCT2;GNL3;NSA2;CCT5;GNL2;GPATCH4;MDN1;MYC		True	True
PAK1IP1	detail/nucleolus/PAK1IP1/PAK1IP1-evaluation.md	Q9NWT1	SM00320;		IPR051959;IPR015943;IPR020472;IPR019775;IPR036322;IPR001680;	PF00400;		https://www.proteinatlas.org/ENSG00000111845-PAK1IP1/interaction	8	RPL10;RPS6;ABT1;FGFBP1;H1-1;H1-4;HMGN4;LIN28A		True	True
PAPOLG	detail/nucleolus/PAPOLG/PAPOLG-evaluation.md	Q9BWT3			IPR043519;IPR011068;IPR007012;IPR048840;IPR007010;	PF04928;PF20750;PF04926;		https://www.proteinatlas.org/ENSG00000115421-PAPOLG/interaction	6	CIAO2A;CPSF6;RFXANK;UBXN6;ZFC3H1;ZNRD2		True	True
PRKRIP1	detail/nucleolus/PRKRIP1/PRKRIP1-evaluation.md	Q9H875			IPR009548;	PF06658;		https://www.proteinatlas.org/ENSG00000128563-PRKRIP1/interaction	4	CEP70;SNRPA1;SNRPE;TRAF2		True	True
RARS1	detail/nucleolus/RARS1/RARS1-evaluation.md	P54136	SM01016;SM00836;		IPR001412;IPR001278;IPR005148;IPR036695;IPR035684;IPR008909;IPR014729;IPR009080;	PF03485;PF05746;PF00750;		https://www.proteinatlas.org/ENSG00000113643-RARS1/interaction	8	CCDC115;EPRS1;LARS1;AIMP1;AIMP2;ATG13;CAPRIN1;CAPZB		True	True
REXO2	detail/nucleolus/REXO2/REXO2-evaluation.md	Q9Y3B8	SM00479;	"DOMAIN 43..207; /note=""Exonuclease"""	IPR022894;IPR013520;IPR012337;IPR036397;	PF00929;		https://www.proteinatlas.org/ENSG00000076043-REXO2/interaction	0			True	True
RIOX2	detail/nucleolus/RIOX2/RIOX2-evaluation.md	Q8IUF8		"DOMAIN 139..271; /note=""JmjC""; /evidence=""ECO:0000255|PROSITE-ProRule:PRU00538"""	IPR003347;IPR039994;IPR046799;	PF08007;PF20514;			0		URLError: <urlopen error EOF occurred in violation of protocol (_ssl.c:1129)>	True	True
SHLD3	detail/nucleolus/SHLD3/SHLD3-evaluation.md	Q6ZNX1			IPR039996;			https://www.proteinatlas.org/ENSG00000253251-SHLD3/interaction	1	MAD2L2		True	True
SIMC1	detail/nucleolus/SIMC1/SIMC1-evaluation.md	Q8NDZ2			IPR052119;			https://www.proteinatlas.org/ENSG00000170085-SIMC1/interaction	8	DNAJB11;SLF2;CSNK2A2;GPR182;NSMCE3;PML;SMC6;SUMO2		True	True
SUB1	detail/nucleolus/SUB1/SUB1-evaluation.md	P53999			IPR003173;IPR009044;IPR045125;	PF02229;		https://www.proteinatlas.org/ENSG00000113387-SUB1/interaction	8	RPL11;AAMP;ATG3;CCNF;CDK2;CDKN2A;CHD4;COMMD1		True	True
SUPT20H	detail/nucleolus/SUPT20H/SUPT20H-evaluation.md	Q8NEM7			IPR021950;IPR046468;	PF12090;		https://www.proteinatlas.org/ENSG00000102710-SUPT20H/interaction	8	ENY2;MAPK14;SF3B3;SF3B5;SGF29;TADA1;TADA2B;TAF10		True	True
SUPT7L	detail/nucleolus/SUPT7L/SUPT7L-evaluation.md	O94864	SM00576;		IPR006565;IPR009072;IPR039460;	PF07524;		https://www.proteinatlas.org/ENSG00000119760-SUPT7L/interaction	8	ENY2;TAF12;TRRAP;USP22;ATXN7L3;CDCA4;KAT2A;KAT2B		True	True
SURF6	detail/nucleolus/SURF6/SURF6-evaluation.md	O75683			IPR029190;IPR007019;	PF04935;		https://www.proteinatlas.org/ENSG00000148296-SURF6/interaction	8	ADARB1;CSNK2A1;EIF2AK2;NIFK;RPL31;RPS6;RRS1;AATF		True	True
TRMT1L	detail/nucleolus/TRMT1L/TRMT1L-evaluation.md	Q7Z2T5	SM00355;	"DOMAIN 227..688; /note=""Trm1 methyltransferase""; /evidence=""ECO:0000255|PROSITE-ProRule:PRU00958"""	IPR029063;IPR002905;IPR042296;IPR013087;	PF02005;		https://www.proteinatlas.org/ENSG00000121486-TRMT1L/interaction	8	RPL4;RPS16;CAPRIN1;CCNF;CFAP97;CRCP;CSNK2A2;DRG1		True	True
TSEN15	detail/nucleolus/TSEN15/TSEN15-evaluation.md	Q8WW01			IPR018593;IPR011856;IPR036167;	PF09631;		https://www.proteinatlas.org/ENSG00000198860-TSEN15/interaction	8	TSEN34;TSEN54;AGMAT;ARID5A;CLP1;DDIT4L;DNAAF6;ENKD1		True	True
TSEN2	detail/nucleolus/TSEN2/TSEN2-evaluation.md	Q8NCE0			IPR011856;IPR036167;IPR006677;IPR006678;IPR006676;IPR016589;	PF01974;PF02778;		https://www.proteinatlas.org/ENSG00000154743-TSEN2/interaction	8	TSEN54;CLP1;GABPB2;PRKN;SSB;TAX1BP1;TEPSIN;TSEN15		True	True
TSEN34	detail/nucleolus/TSEN34/TSEN34-evaluation.md	Q9BSV6			IPR011856;IPR036167;IPR006677;IPR006676;IPR016690;IPR059049;	PF01974;PF26577;		https://www.proteinatlas.org/ENSG00000170892-TSEN34/interaction	3	TSEN15;CLP1;TSEN2		True	True
WDR18	detail/nucleolus/WDR18/WDR18-evaluation.md	Q9BV38	SM00320;		IPR015943;IPR020472;IPR019775;IPR036322;IPR001680;IPR045227;IPR026987;	PF00400;PF14077;		https://www.proteinatlas.org/ENSG00000065268-WDR18/interaction	8	HSPA8;NOL9;NPM3;PELP1;SENP3;TEX10;BRD4;CBX1		True	True
WDR46	detail/nucleolus/WDR46/WDR46-evaluation.md	O15213	SM01033;SM00320;		IPR012952;IPR015943;IPR036322;IPR001680;IPR040315;	PF08149;PF00400;		https://www.proteinatlas.org/ENSG00000227057-WDR46/interaction	8	CEBPZ;GNL2;IFI16;MYC;PUM3;RAP1B;RBM28;REXO4		True	True
WDR55	detail/nucleolus/WDR55/WDR55-evaluation.md	Q9H6Y2	SM00320;		IPR015943;IPR019775;IPR036322;IPR001680;IPR017422;IPR050505;	PF24796;		https://www.proteinatlas.org/ENSG00000120314-WDR55/interaction	8	AP3S1;CCT3;CCT4;CCT6A;CCT7;CCT8;MILR1;RPL19		True	True
WDR74	detail/nucleolus/WDR74/WDR74-evaluation.md	Q6RFH5	SM00320;		IPR015943;IPR036322;IPR001680;IPR037379;	PF00400;		https://www.proteinatlas.org/ENSG00000133316-WDR74/interaction	4	RGS2;MYC;RCHY1;VPS35		True	True
WDR75	detail/nucleolus/WDR75/WDR75-evaluation.md	Q8IWA0	SM00320;		IPR057644;IPR011047;IPR015943;IPR001680;IPR053826;	PF23869;PF23769;		https://www.proteinatlas.org/ENSG00000115368-WDR75/interaction	8	UTP4;WDR43;ANLN;EXOSC5;GRSF1;HEATR1;IFI16;MYC		True	True
YPEL4	detail/nucleolus/YPEL4/YPEL4-evaluation.md	Q96NS1		"DOMAIN 27..124; /note=""Yippee""; /evidence=""ECO:0000255|PROSITE-ProRule:PRU01128"""	IPR034751;IPR004910;IPR039058;	PF03226;		https://www.proteinatlas.org/ENSG00000166793-YPEL4/interaction	0			True	True
ADPRS	detail/nucleoplasm/ADPRS/ADPRS-evaluation.md	Q9NX46			IPR050792;IPR005502;IPR036705;	PF03747;		https://www.proteinatlas.org/ENSG00000116863-ADPRS/interaction	1	TNKS		True	True
AKAP8L	detail/nucleoplasm/AKAP8L/AKAP8L-evaluation.md	Q9ULX6			IPR007071;IPR034736;	PF04988;		https://www.proteinatlas.org/ENSG00000011243-AKAP8L/interaction	8	RNF43;SNRPC;ATOSB;ATPAF2;CAPZB;CARHSP1;CATSPER1;CCDC120		True	True
ANAPC15	detail/nucleoplasm/ANAPC15/ANAPC15-evaluation.md	P60006			IPR026182;	PF15243;		https://www.proteinatlas.org/ENSG00000110200-ANAPC15/interaction	8	ANAPC2;ANAPC1;ANAPC10;ANAPC13;ANAPC16;ANAPC4;ANAPC5;ANAPC7		True	True
ANAPC16	detail/nucleoplasm/ANAPC16/ANAPC16-evaluation.md	Q96DE5			IPR029641;	PF17256;		https://www.proteinatlas.org/ENSG00000166295-ANAPC16/interaction	8	ANAPC1;ANAPC10;ANAPC13;ANAPC2;ANAPC4;ANAPC5;ANAPC7;BUB1B		True	True
ANAPC5	detail/nucleoplasm/ANAPC5/ANAPC5-evaluation.md	Q9UJX4	SM00028;		IPR037679;IPR026000;IPR048968;IPR011990;IPR019734;	PF12862;PF21371;		https://www.proteinatlas.org/ENSG00000089053-ANAPC5/interaction	8	ANAPC1;ANAPC10;ANAPC13;ANAPC16;ANAPC2;ANAPC4;CDC16;CDC23		True	True
ANAPC7	detail/nucleoplasm/ANAPC7/ANAPC7-evaluation.md	Q9UJX3	SM00028;		IPR011990;IPR019734;	PF13432;PF13181;		https://www.proteinatlas.org/ENSG00000196510-ANAPC7/interaction	8	ANAPC16;ANAPC2;ANAPC4;BUB1B;CDC16;CDC23;CDC26;CDC27		True	True
API5	detail/nucleoplasm/API5/API5-evaluation.md	Q9BZZ5			IPR008383;IPR011989;IPR016024;	PF05918;		https://www.proteinatlas.org/ENSG00000166181-API5/interaction	8	DDX39B;ACIN1;CDC5L;CPSF6;DDX27;DDX39A;EBNA1BP2;HNRNPK		True	True
APPBP2	detail/nucleoplasm/APPBP2/APPBP2-evaluation.md	Q92624	SM00028;		IPR042476;IPR011990;IPR019734;	PF13374;		https://www.proteinatlas.org/ENSG00000010539-APPBP2/interaction	0			True	True
ARID3B	detail/nucleoplasm/ARID3B/ARID3B-evaluation.md	Q8IVW6	SM01014;SM00501;	"DOMAIN 215..307; /note=""ARID""; /evidence=""ECO:0000255|PROSITE-ProRule:PRU00355""; DOMAIN 419..517; /note=""REKLES""; /evidence=""ECO:0000255|PROSITE-ProRule:PRU00819"""	IPR045147;IPR001606;IPR036431;IPR023334;	PF01388;		https://www.proteinatlas.org/ENSG00000179361-ARID3B/interaction	8	AR;ARID3A;FOXL1;HCN1;HECTD1;MYC;NFIA;NFIB		True	True
ARL2BP	detail/nucleoplasm/ARL2BP/ARL2BP-evaluation.md	Q9Y2Y0			IPR038849;IPR023379;IPR042541;	PF11527;		https://www.proteinatlas.org/ENSG00000102931-ARL2BP/interaction	8	ARL2;ARL3;CFAP20;FGFR3;GSN;KLF11;TCP1;YWHAB		True	True
ATXN1L	detail/nucleoplasm/ATXN1L/ATXN1L-evaluation.md	P0C7T5	SM00536;	"DOMAIN 457..588; /note=""AXH""; /evidence=""ECO:0000255|PROSITE-ProRule:PRU00496"""	IPR020997;IPR043404;IPR003652;IPR036096;	PF12547;PF08517;		https://www.proteinatlas.org/ENSG00000224470-ATXN1L/interaction	8	AGXT;ARID5A;ATXN1;C1orf94;CIC;CTBP2;ELP5;FOXH1		True	True
BCL7A	detail/nucleoplasm/BCL7A/BCL7A-evaluation.md	Q4VC05			IPR006804;	PF04714;		https://www.proteinatlas.org/ENSG00000110987-BCL7A/interaction	8	ACTL6A;ALAS1;ARID1A;ARID1B;ARID2;BCL7C;BRD7;BRD9		True	True
BCL7B	detail/nucleoplasm/BCL7B/BCL7B-evaluation.md	Q9BQE9			IPR006804;	PF04714;		https://www.proteinatlas.org/ENSG00000106635-BCL7B/interaction	8	DPF2;SMARCA4;ACTG1;ANKRD49;ARHGAP44;ARID1A;ARID1B;BCL7C		True	True
BCL7C	detail/nucleoplasm/BCL7C/BCL7C-evaluation.md	Q8WUZ0			IPR006804;	PF04714;		https://www.proteinatlas.org/ENSG00000099385-BCL7C/interaction	8	ACTB;ACTG1;ACTL6A;ARID1A;ARID1B;ARID2;BCL7A;BCL7B		True	True
BCLAF3	detail/nucleoplasm/BCLAF3/BCLAF3-evaluation.md	A2AJT9			IPR029199;	PF15440;		https://www.proteinatlas.org/ENSG00000173681-BCLAF3/interaction	0			True	True
BICRA	detail/nucleoplasm/BICRA/BICRA-evaluation.md	Q9NZM4			IPR052438;IPR015671;	PF15249;		https://www.proteinatlas.org/ENSG00000063169-BICRA/interaction	8	NFYC;SMARCA4;SMARCD1;ACTL6A;BCL7C;BRD3;BRD4;BRD9		True	True
BRF2	detail/nucleoplasm/BRF2/BRF2-evaluation.md	Q9HAW0			IPR054078;IPR036915;IPR000812;IPR013137;	PF21886;PF08271;		https://www.proteinatlas.org/ENSG00000104221-BRF2/interaction	2	TBP;JUP		True	True
BRMS1L	detail/nucleoplasm/BRMS1L/BRMS1L-evaluation.md	Q5PSV4	SM01401;		IPR013907;	PF08598;		https://www.proteinatlas.org/ENSG00000100916-BRMS1L/interaction	8	HDAC1;ING2;RBBP4;RBBP7;SAP30;SINHCAF;ACTN2;AMOTL2		True	True
BTAF1	detail/nucleoplasm/BTAF1/BTAF1-evaluation.md	O14981	SM00487;SM00490;	"DOMAIN 1278..1453; /note=""Helicase ATP-binding""; /evidence=""ECO:0000255|PROSITE-ProRule:PRU00541""; DOMAIN 1636..1790; /note=""Helicase C-terminal""; /evidence=""ECO:0000255|PROSITE-ProRule:PRU00542"""	IPR011989;IPR016024;IPR014001;IPR001650;IPR044972;IPR044078;IPR022707;IPR027417;IPR038718;IPR049730;IPR000330;	PF12054;PF00271;PF00176;		https://www.proteinatlas.org/ENSG00000095564-BTAF1/interaction	8	TBP;APLNR;CD70;CLEC2B;COMTD1;F2RL1;GPR182;GPR45		True	True
BUD31	detail/nucleoplasm/BUD31/BUD31-evaluation.md	P41223			IPR001748;IPR018230;	PF01125;		https://www.proteinatlas.org/ENSG00000106245-BUD31/interaction	8	CCDC12;BCAS2;BEND5;KLHL20;KRTAP10-7;PICK1;PPIE;PPIL1		True	True
C11orf68	detail/nucleoplasm/C11orf68/C11orf68-evaluation.md	Q9H3H3			IPR015034;IPR023398;	PF08939;		https://www.proteinatlas.org/ENSG00000175573-C11orf68/interaction	4	EIF4H;NONO;REL;SDCBP		True	True
CARNMT1	detail/nucleoplasm/CARNMT1/CARNMT1-evaluation.md	Q8N4J0	SM01296;		IPR012901;IPR029063;	PF07942;		https://www.proteinatlas.org/ENSG00000156017-CARNMT1/interaction	8	RNF113A;U2AF1;BTBD1;CA6;DCANP1;DTL;GLE1;GNG5		True	True
CCDC12	detail/nucleoplasm/CCDC12/CCDC12-evaluation.md	Q8WUD4			IPR013169;	PF08315;		https://www.proteinatlas.org/ENSG00000160799-CCDC12/interaction	8	ATG5;BUD31;CDC40;CDC5L;CRNKL1;PRPF19;AQR;ATG12		True	True
CCDC86	detail/nucleoplasm/CCDC86/CCDC86-evaluation.md	Q9H6F5			IPR026570;			https://www.proteinatlas.org/ENSG00000110104-CCDC86/interaction	8	NPM1;FBL;H2AC4;H2BC8;H4C1;HMGB2;MRTO4;MYC		True	True
CCDC89	detail/nucleoplasm/CCDC89/CCDC89-evaluation.md	Q8N998			IPR043450;			https://www.proteinatlas.org/ENSG00000179071-CCDC89/interaction	4	FAM50B;LRRC45;PIK3R3;TSFM		True	True
CCDC91	detail/nucleoplasm/CCDC91/CCDC91-evaluation.md	Q7Z6B0			IPR034592;			https://www.proteinatlas.org/ENSG00000123106-CCDC91/interaction	1	GGA1		True	True
CDADC1	detail/nucleoplasm/CDADC1/CDADC1-evaluation.md	Q9BWV3		"DOMAIN 70..168; /note=""CMP/dCMP-type deaminase 1""; /evidence=""ECO:0000255|PROSITE-ProRule:PRU01083""; DOMAIN 317..482; /note=""CMP/dCMP-type deaminase 2""; /evidence=""ECO:0000255|PROSITE-ProRule:PRU01083"""	IPR016192;IPR002125;IPR016193;IPR015517;IPR035105;	PF00383;		https://www.proteinatlas.org/ENSG00000102543-CDADC1/interaction	0			True	True
CDYL2	detail/nucleoplasm/CDYL2/CDYL2-evaluation.md	Q8N8U2	SM00298;	"DOMAIN 7..67; /note=""Chromo""; /evidence=""ECO:0000255|PROSITE-ProRule:PRU00053"""	IPR016197;IPR000953;IPR023780;IPR023779;IPR029045;IPR051053;IPR001753;IPR014748;	PF00385;PF00378;		https://www.proteinatlas.org/ENSG00000166446-CDYL2/interaction	6	NXF1;PRMT5;DVL3;HSF2BP;SPANXN2;ZBTB9		True	True
CENPN	detail/nucleoplasm/CENPN/CENPN-evaluation.md	Q96H22			IPR052011;IPR007902;	PF05238;		https://www.proteinatlas.org/ENSG00000166451-CENPN/interaction	8	CENPA;CENPH;CENPI;CENPK;CENPL;CENPM;CENPO;CENPQ		True	True
CENPO	detail/nucleoplasm/CENPO/CENPO-evaluation.md	Q9BU64			IPR018464;	PF09496;			0		URLError: <urlopen error EOF occurred in violation of protocol (_ssl.c:1129)>	True	True
CENPP	detail/nucleoplasm/CENPP/CENPP-evaluation.md	Q6IPU0			IPR027801;	PF13096;		https://www.proteinatlas.org/ENSG00000188312-CENPP/interaction	8	CENPO;CENPQ;CENPU;ATP6V0D2;BACH2;C2orf88;CCDC85B;CENPH		True	True
CENPQ	detail/nucleoplasm/CENPQ/CENPQ-evaluation.md	Q7L2Z9			IPR025212;	PF13094;		https://www.proteinatlas.org/ENSG00000031691-CENPQ/interaction	8	ATF2;CCDC6;CENPP;CENPU;HOMER1;RPS16;AARD;ABI3		True	True
CENPS	detail/nucleoplasm/CENPS/CENPS-evaluation.md	Q8N2Z9			IPR029003;IPR009072;	PF15630;		https://www.proteinatlas.org/ENSG00000175279-CENPS/interaction	8	CENPX;FANCM;BLM;CENPK;CENPT;FAAP100;FAAP24;FANCA		True	True
CENPW	detail/nucleoplasm/CENPW/CENPW-evaluation.md	Q5EE01			IPR028847;IPR052484;IPR009072;	PF15510;		https://www.proteinatlas.org/ENSG00000203760-CENPW/interaction	4	CENPT;BTRC;COPS5;CUL1		True	True
CEP70	detail/nucleoplasm/CEP70/CEP70-evaluation.md	Q8NHQ1			IPR037692;IPR019734;			https://www.proteinatlas.org/ENSG00000114107-CEP70/interaction	8	ARHGEF3;C8orf33;CDC73;CDCA7L;ENKD1;KANSL1;KDM1A;METTL17		True	True
CEPT1	detail/nucleoplasm/CEPT1/CEPT1-evaluation.md	Q9Y6K0			IPR000462;IPR043130;IPR048254;IPR014472;	PF01066;		https://www.proteinatlas.org/ENSG00000134255-CEPT1/interaction	8	CAPZB;DCP1B;KLRB1;PGRMC1;RPL5;SPG21;TMEM14B;TMEM263		True	True
CERS3	detail/nucleoplasm/CERS3/CERS3-evaluation.md	Q8IU89	SM00389;SM00724;	"DOMAIN 130..331; /note=""TLC""; /evidence=""ECO:0000255|PROSITE-ProRule:PRU00205"""	IPR001356;IPR009057;IPR016439;IPR006634;	PF00046;PF03798;		https://www.proteinatlas.org/ENSG00000154227-CERS3/interaction	8	A2ML1;AKR1B10;ANXA8;C3;CALML5;CBR1;DSG3;EVPL		True	True
CERS4	detail/nucleoplasm/CERS4/CERS4-evaluation.md	Q9HA82	SM00724;	"DOMAIN 131..332; /note=""TLC""; /evidence=""ECO:0000255|PROSITE-ProRule:PRU00205"""	IPR001356;IPR009057;IPR016439;IPR006634;	PF00046;PF03798;		https://www.proteinatlas.org/ENSG00000090661-CERS4/interaction	8	ACKR2;APOB;ATP6AP1;C1QL4;CCL4L2;CERS6;CLEC1A;CTXN3		True	True
CERT1	detail/nucleoplasm/CERT1/CERT1-evaluation.md	Q9Y5P4	SM00233;SM00234;	"DOMAIN 23..117; /note=""PH""; /evidence=""ECO:0000255|PROSITE-ProRule:PRU00145""; DOMAIN 389..618; /note=""START""; /evidence=""ECO:0000255|PROSITE-ProRule:PRU00197"""	IPR011993;IPR001849;IPR041952;IPR023393;IPR002913;IPR051213;	PF00169;PF01852;		https://www.proteinatlas.org/ENSG00000113163-CERT1/interaction	8	ARL6IP1;CSNK1G2;ITGB3BP;RTN3;RTN4;ACTL8;APCS;MARK2		True	True
CETN1	detail/nucleoplasm/CETN1/CETN1-evaluation.md	Q12798	SM00054;	"DOMAIN 28..63; /note=""EF-hand 1""; /evidence=""ECO:0000255|PROSITE-ProRule:PRU00448""; DOMAIN 64..99; /note=""EF-hand 2""; /evidence=""ECO:0000255|PROSITE-ProRule:PRU00448""; DOMAIN 101..136; /note=""EF-hand 3""; /evidence=""ECO:0000255|PROSITE-ProRule:PRU00448""; DOMAIN 137..172; /note=""EF-hand 4""; /evidence=""ECO:0000255|PROSITE-ProRule:PRU00448"""	IPR050145;IPR011992;IPR018247;IPR002048;IPR000629;	PF13499;		https://www.proteinatlas.org/ENSG00000177143-CETN1/interaction	8	POC5;SGSM1;CCDC191;CCP110;CETN2;CETN3;EFCAB11;ENY2		True	True
CIAO2A	detail/nucleoplasm/CIAO2A/CIAO2A-evaluation.md	Q9H5X1			IPR034904;IPR039796;IPR002744;	PF01883;		https://www.proteinatlas.org/ENSG00000166797-CIAO2A/interaction	8	CIAO1;CIAO3;IREB2;POLE;AAAS;ABCD1;ANAPC5;ANKLE2		True	True
CNOT11	detail/nucleoplasm/CNOT11/CNOT11-evaluation.md	Q9UKZ1			IPR019312;	PF10155;		https://www.proteinatlas.org/ENSG00000158435-CNOT11/interaction	8	CAPZB;CNOT1;CNOT2;CNOT6;CNOT6L;CNOT7;CNOT9;GPBP1L1		True	True
COMMD1	detail/nucleoplasm/COMMD1/COMMD1-evaluation.md	Q8N668		"DOMAIN 118..186; /note=""COMM""; /evidence=""ECO:0000255|PROSITE-ProRule:PRU00602"""	IPR017920;IPR033776;IPR037351;	PF07258;PF17221;		https://www.proteinatlas.org/ENSG00000173163-COMMD1/interaction	8	ATP7B;CCDC22;CCDC93;COMMD10;COMMD2;COMMD3;COMMD4;COMMD5		True	True
COMMD10	detail/nucleoplasm/COMMD10/COMMD10-evaluation.md	Q9Y6G5		"DOMAIN 133..202; /note=""COMM""; /evidence=""ECO:0000255|PROSITE-ProRule:PRU00602"""	IPR017920;IPR037361;	PF07258;PF21672;		https://www.proteinatlas.org/ENSG00000145781-COMMD10/interaction	8	CCDC22;CCDC93;COMMD1;COMMD2;COMMD3;COMMD4;COMMD5;COMMD6		True	True
COMMD4	detail/nucleoplasm/COMMD4/COMMD4-evaluation.md	Q9H0A8		"DOMAIN 130..199; /note=""COMM""; /evidence=""ECO:0000255|PROSITE-ProRule:PRU00602"""	IPR017920;IPR037356;IPR047155;	PF07258;PF21672;		https://www.proteinatlas.org/ENSG00000140365-COMMD4/interaction	8	CCDC22;CCDC93;COMMD1;COMMD10;COMMD2;COMMD3;COMMD5;COMMD6		True	True
COMMD5	detail/nucleoplasm/COMMD5/COMMD5-evaluation.md	Q9GZQ3		"DOMAIN 151..215; /note=""COMM""; /evidence=""ECO:0000255|PROSITE-ProRule:PRU00602"""	IPR017920;IPR037357;	PF07258;PF21672;		https://www.proteinatlas.org/ENSG00000170619-COMMD5/interaction	8	CCDC22;CCDC93;COMMD1;COMMD10;COMMD2;COMMD4;COMMD8;VPS29		True	True
COMMD8	detail/nucleoplasm/COMMD8/COMMD8-evaluation.md	Q9NX08		"DOMAIN 116..183; /note=""COMM""; /evidence=""ECO:0000255|PROSITE-ProRule:PRU00602"""	IPR017920;IPR047155;IPR047235;IPR055184;	PF07258;PF22838;		https://www.proteinatlas.org/ENSG00000169019-COMMD8/interaction	8	CCDC22;CCDC93;COMMD1;COMMD10;COMMD2;COMMD3;COMMD4;COMMD5		True	True
COMMD9	detail/nucleoplasm/COMMD9/COMMD9-evaluation.md	Q9P000		"DOMAIN 122..196; /note=""COMM""; /evidence=""ECO:0000255|PROSITE-ProRule:PRU00602"""	IPR017920;IPR037360;IPR048676;	PF07258;PF20923;		https://www.proteinatlas.org/ENSG00000110442-COMMD9/interaction	8	CCDC22;CCDC93;COMMD1;COMMD2;COMMD3;COMMD4;COMMD6;VPS29		True	True
COPS2	detail/nucleoplasm/COPS2/COPS2-evaluation.md	P61201	SM00753;SM00088;	"DOMAIN 254..416; /note=""PCI""; /evidence=""ECO:0000255|PROSITE-ProRule:PRU01185"""	IPR050871;IPR058796;IPR000717;IPR011990;IPR036390;	PF25983;PF01399;		https://www.proteinatlas.org/ENSG00000166200-COPS2/interaction	8	COPS3;COPS4;COPS5;COPS6;COPS7A;COPS7B;COPS8;DDB1		True	True
COPS3	detail/nucleoplasm/COPS3/COPS3-evaluation.md	Q9UNS2	SM00088;	"DOMAIN 197..365; /note=""PCI""; /evidence=""ECO:0000255|PROSITE-ProRule:PRU01185"""	IPR055089;IPR050756;IPR048621;IPR000717;IPR036390;	PF22788;PF21215;PF01399;		https://www.proteinatlas.org/ENSG00000141030-COPS3/interaction	8	BTBD1;BTBD2;COPS2;COPS4;COPS5;COPS6;COPS7A;COPS7B		True	True
COPS7B	detail/nucleoplasm/COPS7B/COPS7B-evaluation.md	Q9H9Q2	SM00088;	"DOMAIN 2..159; /note=""PCI""; /evidence=""ECO:0000255|PROSITE-ProRule:PRU01185"""	IPR045237;IPR041481;IPR000717;	PF22061;PF18392;PF01399;		https://www.proteinatlas.org/ENSG00000144524-COPS7B/interaction	8	COPS2;COPS3;COPS4;COPS5;COPS6;COPS7A;COPS8;CUL2		True	True
COPS8	detail/nucleoplasm/COPS8/COPS8-evaluation.md	Q99627		"DOMAIN 8..179; /note=""PCI""; /evidence=""ECO:0000255|PROSITE-ProRule:PRU01185"""	IPR033205;IPR033464;IPR000717;	PF10075;		https://www.proteinatlas.org/ENSG00000198612-COPS8/interaction	8	COPS2;COPS3;COPS4;COPS5;COPS6;COPS7A;COPS7B;COPS9		True	True
CPSF3	detail/nucleoplasm/CPSF3/CPSF3-evaluation.md	Q9UKF6	SM01027;SM01098;SM00849;		IPR022712;IPR021718;IPR050698;IPR001279;IPR036866;IPR011108;	PF10996;PF11718;PF00753;PF07521;		https://www.proteinatlas.org/ENSG00000119203-CPSF3/interaction	8	CPSF1;CPSF2;CPSF6;CCNF;CDC73;CPSF4;CSTF1;CSTF2		True	True
CREBL2	detail/nucleoplasm/CREBL2/CREBL2-evaluation.md	O60519		"DOMAIN 23..86; /note=""bZIP"""	IPR004827;IPR046347;IPR039250;	PF07716;		https://www.proteinatlas.org/ENSG00000111269-CREBL2/interaction	4	NFE2L2;CREBRF;DDIT3;PKNOX2		True	True
CSTF1	detail/nucleoplasm/CSTF1/CSTF1-evaluation.md	Q05048	SM00320;		IPR044633;IPR032028;IPR038184;IPR015943;IPR019775;IPR036322;IPR001680;	PF16699;PF00400;		https://www.proteinatlas.org/ENSG00000101138-CSTF1/interaction	8	BARD1;CSTF2T;TOLLIP;BRCA1;CPSF3;CPSF6;CSTF2;CSTF3		True	True
CSTF3	detail/nucleoplasm/CSTF3/CSTF3-evaluation.md	Q12996	SM00386;		IPR003107;IPR045243;IPR008847;IPR011990;	PF05843;		https://www.proteinatlas.org/ENSG00000176102-CSTF3/interaction	8	CSTF2T;CDC73;CPSF1;CPSF6;CSTF1;CSTF2;FEM1A;FIP1L1		True	True
CWC15	detail/nucleoplasm/CWC15/CWC15-evaluation.md	Q9P013			IPR006973;	PF04889;		https://www.proteinatlas.org/ENSG00000150316-CWC15/interaction	8	BCAS2;CDC5L;CTNNBL1;DNAJC17;PRPF19;SF3A1;SF3B1;SNRPA		True	True
Chtf8	detail/nucleoplasm/Chtf8/Chtf8-evaluation.md	P0CG13			IPR018607;	PF09696;		https://www.proteinatlas.org/ENSG00000168802-CHTF8/interaction	5	DSCC1;CHTF18;IL36A;RFC4;RFC5		True	True
DBX2	detail/nucleoplasm/DBX2/DBX2-evaluation.md	Q6ZNG2	SM00389;		IPR051662;IPR001356;IPR020479;IPR017970;IPR009057;IPR000047;	PF00046;		https://www.proteinatlas.org/ENSG00000185610-DBX2/interaction	0			True	True
DCTN4	detail/nucleoplasm/DCTN4/DCTN4-evaluation.md	Q9UJW0			IPR008603;	PF05502;		https://www.proteinatlas.org/ENSG00000132912-DCTN4/interaction	8	ACTB;ACTG1;ACTR10;CAPZB;DCTN1;DCTN2;DYNC1I2;MAPRE1		True	True
DCUN1D2	detail/nucleoplasm/DCUN1D2/DCUN1D2-evaluation.md	Q6PH85		"DOMAIN 8..45; /note=""UBA-like""; DOMAIN 60..248; /note=""DCUN1""; /evidence=""ECO:0000255|PROSITE-ProRule:PRU00574"""	IPR014764;IPR042460;IPR005176;IPR009060;	PF03556;PF14555;		https://www.proteinatlas.org/ENSG00000150401-DCUN1D2/interaction	8	CAND1;CUL1;CUL2;CUL3;CUL4A;CUL4B;CUL5;RBX1		True	True
DCUN1D4	detail/nucleoplasm/DCUN1D4/DCUN1D4-evaluation.md	Q92564		"DOMAIN 101..287; /note=""DCUN1""; /evidence=""ECO:0000255|PROSITE-ProRule:PRU00574"""	IPR014764;IPR042460;IPR005176;	PF03556;		https://www.proteinatlas.org/ENSG00000109184-DCUN1D4/interaction	8	CAND1;CUL1;CUL2;CUL3;CUL4A;CUL4B;CUL5;UBE2M		True	True
DESI1	detail/nucleoplasm/DESI1/DESI1-evaluation.md	Q6ICB0	SM01179;	"DOMAIN 7..149; /note=""PPPDE""; /evidence=""ECO:0000255|PROSITE-ProRule:PRU01205"""	IPR008580;IPR042266;	PF05903;		https://www.proteinatlas.org/ENSG00000100418-DESI1/interaction	8	UBC;UBQLN1;UBQLN2;ABI3;AGR3;CDIP1;CTAG1A;CTAG1B		True	True
DGCR14	detail/nucleoplasm/DGCR14/DGCR14-evaluation.md	Q96DF8			IPR019148;	PF09751;		https://www.proteinatlas.org/ENSG00000100056-ESS2/interaction	0			True	True
DGCR6L	detail/nucleoplasm/DGCR6L/DGCR6L-evaluation.md	Q9BY27			IPR010849;	PF07324;		https://www.proteinatlas.org/ENSG00000128185-DGCR6L/interaction	8	AVPI1;DEUP1;HMG20A;INIP;KRT31;LDB2;LZTS2;NAB2		True	True
DMRTA1	detail/nucleoplasm/DMRTA1/DMRTA1-evaluation.md	Q5VZB9	SM00301;	"DOMAIN 327..362; /note=""DMA""; /evidence=""ECO:0000255"""	IPR001275;IPR036407;IPR005173;IPR026607;IPR046472;IPR009060;	PF00751;PF03474;PF20624;		https://www.proteinatlas.org/ENSG00000176399-DMRTA1/interaction	2	RNF11;WFS1		True	True
DNAAF4	detail/nucleoplasm/DNAAF4/DNAAF4-evaluation.md	Q8WXU2	SM00028;	"DOMAIN 3..87; /note=""CS""; /evidence=""ECO:0000255|PROSITE-ProRule:PRU00547"""	IPR007052;IPR037894;IPR052004;IPR008978;IPR011990;IPR019734;	PF04969;		https://www.proteinatlas.org/ENSG00000256061-DNAAF4/interaction	7	DNAAF2;GABARAP;GABARAPL1;GABARAPL2;MAP1LC3C;SPDL1;STUB1		True	True
DNAJC8	detail/nucleoplasm/DNAJC8/DNAJC8-evaluation.md	O75937	SM00271;	"DOMAIN 57..124; /note=""J""; /evidence=""ECO:0000255|PROSITE-ProRule:PRU00286"""	IPR001623;IPR042858;IPR036869;	PF00226;		https://www.proteinatlas.org/ENSG00000126698-DNAJC8/interaction	8	AGTR1;CCDC97;GPATCH11;RAP1A;SF3A1;SF3A2;SF3B1;SF3B2		True	True
DNAJC9	detail/nucleoplasm/DNAJC9/DNAJC9-evaluation.md	Q8WXX5	SM00271;	"DOMAIN 15..82; /note=""J""; /evidence=""ECO:0000255|PROSITE-ProRule:PRU00286"""	IPR001623;IPR018253;IPR056453;IPR036869;IPR052594;	PF00226;PF23302;		https://www.proteinatlas.org/ENSG00000213551-DNAJC9/interaction	8	H3C1;H3C6;HSPA8;IPO4;TADA3;AZGP1;BAG4;BRD4		True	True
DNAL1	detail/nucleoplasm/DNAL1/DNAL1-evaluation.md	Q4LDG9	SM00365;	"DOMAIN 150..190; /note=""LRRCT"""	IPR001611;IPR025875;IPR032675;	PF12799;		https://www.proteinatlas.org/ENSG00000119661-DNAL1/interaction	2	ALOX12B;LRRC40		True	True
DTWD1	detail/nucleoplasm/DTWD1/DTWD1-evaluation.md	Q8N5C7	SM01144;		IPR005636;IPR051521;	PF03942;		https://www.proteinatlas.org/ENSG00000104047-DTWD1/interaction	0			True	True
ECPAS	detail/nucleoplasm/ECPAS/ECPAS-evaluation.md	Q5VYK3			IPR011989;IPR016024;IPR055444;IPR024372;IPR055443;	PF23702;PF23731;PF13001;PF24492;PF12755;		https://www.proteinatlas.org/ENSG00000136813-ECPAS/interaction	8	PSMB7;PSMC3;PSMC6;PSMD11;PSMD13;PSMD3;PSMD8;A4GNT		True	True
EEF1AKMT3	detail/nucleoplasm/EEF1AKMT3/EEF1AKMT3-evaluation.md	Q96AZ1			IPR019410;IPR029063;	PF10294;		https://www.proteinatlas.org/ENSG00000123427-EEF1AKMT3/interaction	8	SMC1A;AACS;ABCD1;ACTR5;ACTR8;AKAP10;AKT1;ALS2CL		True	True
EEF1AKMT4	detail/nucleoplasm/EEF1AKMT4/EEF1AKMT4-evaluation.md	P0DPD7			IPR051419;IPR013216;IPR029063;	PF08241;		https://www.proteinatlas.org/ENSG00000284753-EEF1AKMT4/interaction	0			True	True
ELL2	detail/nucleoplasm/ELL2/ELL2-evaluation.md	O00472		"DOMAIN 526..636; /note=""OCEL""; /evidence=""ECO:0000255|PROSITE-ProRule:PRU01324"""	IPR042065;IPR031176;IPR019464;IPR010844;IPR036390;	PF10390;PF07303;		https://www.proteinatlas.org/ENSG00000118985-ELL2/interaction	8	AFF4;EAF1;ADRB2;AFF1;ATXN1;CASP6;CDK9;EAF2		True	True
ELP3	detail/nucleoplasm/ELP3/ELP3-evaluation.md	Q9H9T3	SM00729;	"DOMAIN 82..372; /note=""Radical SAM core""; /evidence=""ECO:0000255|PROSITE-ProRule:PRU01266""; DOMAIN 396..547; /note=""N-acetyltransferase""; /evidence=""ECO:0000255|PROSITE-ProRule:PRU00532"""	IPR016181;IPR039661;IPR034687;IPR056591;IPR006638;IPR000182;IPR032432;IPR007197;IPR058240;	PF23613;PF04055;PF16199;		https://www.proteinatlas.org/ENSG00000134014-ELP3/interaction	8	ELP1;CCNF;CIAO1;DUSP9;ELP2;ELP4;ELP6;KTI12		True	True
EVX2	detail/nucleoplasm/EVX2/EVX2-evaluation.md	Q03828	SM00389;		IPR052002;IPR001356;IPR020479;IPR017970;IPR009057;	PF00046;		https://www.proteinatlas.org/ENSG00000174279-EVX2/interaction	7	BPIFB3;CNFN;ITIH6;KRTAP19-5;KRTAP19-7;KRTAP6-1;ZMYND12		True	True
FAM120B	detail/nucleoplasm/FAM120B/FAM120B-evaluation.md	Q96EK7			IPR026784;IPR029060;			https://www.proteinatlas.org/ENSG00000112584-FAM120B/interaction	8	CCNF;CUL3;FAM133A;FEM1A;ING2;LSP1;STN1;SURF6		True	True
FAM178A	detail/nucleoplasm/FAM178A/FAM178A-evaluation.md	Q8IX21			IPR044276;IPR026161;	PF14816;		https://www.proteinatlas.org/ENSG00000119906-SLF2/interaction	0			True	True
FIGNL1	detail/nucleoplasm/FIGNL1/FIGNL1-evaluation.md	Q6PIW4	SM00382;		IPR003593;IPR041569;IPR003959;IPR003960;IPR047858;IPR050304;IPR027417;IPR015415;	PF00004;PF17862;PF09336;		https://www.proteinatlas.org/ENSG00000132436-FIGNL1/interaction	6	SPIDR;C1orf112;GCC1;ITGB1BP1;MIF;RAD51		True	True
FKBP3	detail/nucleoplasm/FKBP3/FKBP3-evaluation.md	Q00688		"DOMAIN 128..224; /note=""PPIase FKBP-type""; /evidence=""ECO:0000255|PROSITE-ProRule:PRU00277"""	IPR043368;IPR041200;IPR046357;IPR001179;	PF18410;PF00254;		https://www.proteinatlas.org/ENSG00000100442-FKBP3/interaction	8	MDM2;BARD1;CALM1;MAPT;NEDD4;NEDD4L;OSGEP;PARP2		True	True
FUBP3	detail/nucleoplasm/FUBP3/FUBP3-evaluation.md	Q96I24	SM00322;	"DOMAIN 77..141; /note=""KH 1""; /evidence=""ECO:0000255|PROSITE-ProRule:PRU00117""; DOMAIN 162..228; /note=""KH 2""; /evidence=""ECO:0000255|PROSITE-ProRule:PRU00117""; DOMAIN 253..317; /note=""KH 3""; /evidence=""ECO:0000255|PROSITE-ProRule:PRU00117""; DOMAIN 354..421; /note=""KH 4""; /evidence=""ECO:0000255|PROSITE-ProRule:PRU00117"""	IPR004087;IPR004088;IPR036612;	PF00013;		https://www.proteinatlas.org/ENSG00000107164-FUBP3/interaction	8	PAX9;QKI;ACE2;AKAP1;CALCOCO2;CAPZB;DAZAP1;FBL		True	True
GID8	detail/nucleoplasm/GID8/GID8-evaluation.md	Q9NWU2	SM00757;SM00668;SM00667;	"DOMAIN 25..57; /note=""LisH""; /evidence=""ECO:0000255|PROSITE-ProRule:PRU00126""; DOMAIN 63..120; /note=""CTLH""; /evidence=""ECO:0000255|PROSITE-ProRule:PRU00058"""	IPR013144;IPR024964;IPR006595;IPR006594;IPR050618;	PF10607;PF08513;		https://www.proteinatlas.org/ENSG00000101193-GID8/interaction	8	ARMC8;MAEA;MKLN1;OPA1;PGRMC2;RANBP10;RANBP9;RMND5A		True	True
GIMAP2	detail/nucleoplasm/GIMAP2/GIMAP2-evaluation.md	Q9UG22		"DOMAIN 20..223; /note=""AIG1-type G""; /evidence=""ECO:0000255|PROSITE-ProRule:PRU01057"""	IPR006703;IPR045058;IPR027417;	PF04548;		https://www.proteinatlas.org/ENSG00000106560-GIMAP2/interaction	4	HTT;LDAF1;PNPLA2;STOM		True	True
GINS3	detail/nucleoplasm/GINS3/GINS3-evaluation.md	Q9BRX5			IPR021151;IPR036224;IPR010492;IPR038437;IPR055221;	PF22466;PF05916;		https://www.proteinatlas.org/ENSG00000181938-GINS3/interaction	8	CDC45;GINS1;GINS2;SSRP1;VAC14;DNALI1;GINS4;ICAM5		True	True
GLYR1	detail/nucleoplasm/GLYR1/GLYR1-evaluation.md	Q49A26	SM00293;	"DOMAIN 8..66; /note=""PWWP""; /evidence=""ECO:0000255|PROSITE-ProRule:PRU00162"""	IPR008927;IPR013328;IPR006115;IPR035501;IPR029154;IPR051265;IPR036291;IPR000313;	PF14833;PF03446;PF00855;		https://www.proteinatlas.org/ENSG00000140632-GLYR1/interaction	8	NPM1;CAPRIN1;CCNC;CFAP206;EIF1AD;ESR1;FHL2;GATA4		True	True
GMCL1	detail/nucleoplasm/GMCL1/GMCL1-evaluation.md	Q96IK5	SM00875;SM00225;	"DOMAIN 108..178; /note=""BTB""; /evidence=""ECO:0000255|PROSITE-ProRule:PRU00037"""	IPR011705;IPR000210;IPR043380;IPR011333;	PF07707;PF00651;		https://www.proteinatlas.org/ENSG00000087338-GMCL1/interaction	8	CUL3;FAM167A;PBXIP1;XAGE2;XAGE3;APOL6;BEGAIN;BSCL2		True	True
GMCL2	detail/nucleoplasm/GMCL2/GMCL2-evaluation.md	Q8NEA9	SM00225;	"DOMAIN 108..178; /note=""BTB""; /evidence=""ECO:0000255|PROSITE-ProRule:PRU00037"""	IPR000210;IPR043380;IPR011333;	PF00651;		https://www.proteinatlas.org/ENSG00000244234-GMCL2/interaction	8	BHLHE40;CHCHD3;GAGE12C;GAGE12D;GAGE12E;GAGE12F;GAGE12G;GAPDH		True	True
GNA13	detail/nucleoplasm/GNA13/GNA13-evaluation.md	Q14344	SM00275;	"DOMAIN 47..377; /note=""G-alpha""; /evidence=""ECO:0000255|PROSITE-ProRule:PRU01230"""	IPR000469;IPR001019;IPR011025;IPR027417;	PF00503;		https://www.proteinatlas.org/ENSG00000120063-GNA13/interaction	8	ARHGEF1;GNG2;AIP;AKAP3;AKT1;ANLN;ARHGEF11;ARHGEF12		True	True
GNAI2	detail/nucleoplasm/GNAI2/GNAI2-evaluation.md	P04899	SM00275;	"DOMAIN 32..355; /note=""G-alpha""; /evidence=""ECO:0000255|PROSITE-ProRule:PRU01230"""	IPR001408;IPR001019;IPR011025;IPR027417;	PF00503;		https://www.proteinatlas.org/ENSG00000114353-GNAI2/interaction	8	CXCR5;GNB1;MDFI;ANLN;C5AR1;CXCR1;EYA2;GNAI1		True	True
GOSR2	detail/nucleoplasm/GOSR2/GOSR2-evaluation.md	O14653			IPR027027;IPR010989;IPR038407;	PF12352;		https://www.proteinatlas.org/ENSG00000108433-GOSR2/interaction	8	BET1;MMGT1;NAPA;SEC22B;STX5;STX6;AQP6;ARL13B		True	True
GPKOW	detail/nucleoplasm/GPKOW/GPKOW-evaluation.md	Q92917	SM00443;SM00739;	"DOMAIN 164..210; /note=""G-patch""; /evidence=""ECO:0000255|PROSITE-ProRule:PRU00092""; DOMAIN 240..267; /note=""KOW 1""; DOMAIN 415..442; /note=""KOW 2"""	IPR000467;IPR041993;IPR041994;IPR005824;IPR014722;IPR045166;IPR026822;	PF12656;PF25088;PF00467;		https://www.proteinatlas.org/ENSG00000068394-GPKOW/interaction	8	BUD13;DHX16;DHX38;PRPF4;PRPF8;RBM10;TERF2IP;ZRANB1		True	True
GPR88	detail/nucleoplasm/GPR88/GPR88-evaluation.md	Q9GZN0			IPR050125;IPR000276;IPR017452;	PF00001;		https://www.proteinatlas.org/ENSG00000181656-GPR88/interaction	1	GNB1		True	True
GRWD1	detail/nucleoplasm/GRWD1/GRWD1-evaluation.md	Q9BQ67	SM00320;		IPR051972;IPR022052;IPR015943;IPR020472;IPR019775;IPR036322;IPR001680;	PF12265;PF00400;		https://www.proteinatlas.org/ENSG00000105447-GRWD1/interaction	8	IPO7;NPM1;RPL3;ANLN;ATL3;C8orf33;CCT2;CCT5		True	True
HDDC2	detail/nucleoplasm/HDDC2/HDDC2-evaluation.md	Q7Z4H3	SM00471;	"DOMAIN 46..148; /note=""HD""; /evidence=""ECO:0000255|PROSITE-ProRule:PRU01175"""	IPR003607;IPR006674;IPR039356;	PF13023;		https://www.proteinatlas.org/ENSG00000111906-HDDC2/interaction	3	IKBKG;LCN2;POMC		True	True
HDGFL3	detail/nucleoplasm/HDGFL3/HDGFL3-evaluation.md	Q9Y3E1	SM00293;	"DOMAIN 11..68; /note=""PWWP""; /evidence=""ECO:0000255|PROSITE-ProRule:PRU00162"""	IPR000313;	PF00855;		https://www.proteinatlas.org/ENSG00000166503-HDGFL3/interaction	1	SF3B2		True	True
HEMK2	detail/nucleoplasm/HEMK2/HEMK2-evaluation.md	Q9Y5N5			IPR002052;IPR052190;IPR004557;IPR029063;IPR007848;	PF05175;		https://www.proteinatlas.org/ENSG00000156239-N6AMT1/interaction	0			True	True
HMGXB4	detail/nucleoplasm/HMGXB4/HMGXB4-evaluation.md	Q9UGU5	SM00398;		IPR025228;IPR009071;IPR036910;IPR042477;IPR048016;	PF13775;PF00505;		https://www.proteinatlas.org/ENSG00000100281-HMGXB4/interaction	8	C17orf49;SMARCA1;SMARCA5;AKAP17A;BPTF;BRD3;ENKD1;H2AZ1		True	True
HSF2BP	detail/nucleoplasm/HSF2BP/HSF2BP-evaluation.md	O75031			IPR011989;IPR016024;IPR039584;			https://www.proteinatlas.org/ENSG00000160207-HSF2BP/interaction	8	CDC73;HSF2;RNF135;ACTN3;ANAPC16;ANKRD55;ARHGAP45;ARHGEF3		True	True
INIP	detail/nucleoplasm/INIP/INIP-evaluation.md	Q9NRY2			IPR031821;	PF15925;		https://www.proteinatlas.org/ENSG00000148153-INIP/interaction	8	INTS3;RBPMS;ARID5A;BPIFA1;COMTD1;CSNK2A2;DGCR6;DGCR6L		True	True
JMJD7	detail/nucleoplasm/JMJD7/JMJD7-evaluation.md	P0C870	SM00558;	"DOMAIN 128..307; /note=""JmjC""; /evidence=""ECO:0000255|PROSITE-ProRule:PRU00538"""	IPR041667;IPR003347;IPR014710;	PF13621;		https://www.proteinatlas.org/ENSG00000243789-JMJD7/interaction	8	CASP6;DRG2;GCM2;HGS;HSPB1;OXER1;POGZ;RAN		True	True
JRKL	detail/nucleoplasm/JRKL/JRKL-evaluation.md	Q9Y4A0	SM00674;	"DOMAIN 1..52; /note=""HTH psq-type""; /evidence=""ECO:0000255|PROSITE-ProRule:PRU00320""; DOMAIN 67..139; /note=""HTH CENPB-type""; /evidence=""ECO:0000255|PROSITE-ProRule:PRU00583""; DOMAIN 168..385; /note=""DDE-1""; /evidence=""ECO:0000255"""	IPR050863;IPR004875;IPR009057;IPR006600;IPR007889;IPR036397;	PF04218;PF03184;PF03221;		https://www.proteinatlas.org/ENSG00000183340-JRKL/interaction	0			True	True
KANSL2	detail/nucleoplasm/KANSL2/KANSL2-evaluation.md	Q9H9L4			IPR026316;IPR025927;	PF13891;		https://www.proteinatlas.org/ENSG00000139620-KANSL2/interaction	6	KANSL1;PHF20L1;WDR5;INO80E;KANSL3;PHF20		True	True
KANSL3	detail/nucleoplasm/KANSL3/KANSL3-evaluation.md	Q9P2N6			IPR029058;IPR046879;IPR056519;IPR026555;	PF20408;PF23154;		https://www.proteinatlas.org/ENSG00000114982-KANSL3/interaction	8	PHF20;FOXK2;HCFC1;HCFC2;KANSL1;KANSL2;KAT8;MCRS1		True	True
KBTBD4	detail/nucleoplasm/KBTBD4/KBTBD4-evaluation.md	Q9NVX7	SM00875;SM00225;	"DOMAIN 61..128; /note=""BTB""; /evidence=""ECO:0000255|PROSITE-ProRule:PRU00037""; DOMAIN 163..255; /note=""BACK"""	IPR011705;IPR017096;IPR000210;IPR042884;IPR042950;IPR042949;IPR015915;IPR011498;IPR011333;	PF07707;PF00651;PF07646;		https://www.proteinatlas.org/ENSG00000123444-KBTBD4/interaction	8	KPNA5;KPNA6;NUDCD3;CACUL1;CCZ1B;COPS4;CUL3;HSPA6		True	True
KBTBD6	detail/nucleoplasm/KBTBD6/KBTBD6-evaluation.md	Q86V97	SM00875;SM00225;SM00612;	"DOMAIN 63..138; /note=""BTB""; /evidence=""ECO:0000255|PROSITE-ProRule:PRU00037"""	IPR011705;IPR017096;IPR000210;IPR046790;IPR047931;IPR047933;IPR015915;IPR006652;IPR011333;	PF07707;PF00651;PF20165;PF01344;		https://www.proteinatlas.org/ENSG00000165572-KBTBD6/interaction	8	GABARAP;GABARAPL1;GABARAPL2;KBTBD7;MAP1LC3B;ABT1;APOBEC3C;ARIH1		True	True
KLHDC10	detail/nucleoplasm/KLHDC10/KLHDC10-evaluation.md	Q6PID8	SM00612;		IPR015915;IPR006652;IPR052125;	PF01344;PF24681;		https://www.proteinatlas.org/ENSG00000128607-KLHDC10/interaction	3	CUL2;NUDCD3;TRIM25		True	True
KLHDC4	detail/nucleoplasm/KLHDC4/KLHDC4-evaluation.md	Q8TBB5			IPR015915;IPR052588;	PF24681;		https://www.proteinatlas.org/ENSG00000104731-KLHDC4/interaction	5	KDM1A;SUV39H1;SUV39H2;CEP76;TERF1		True	True
KLHL22	detail/nucleoplasm/KLHL22/KLHL22-evaluation.md	Q53GT1	SM00875;SM00225;SM00612;	"DOMAIN 50..117; /note=""BTB""; /evidence=""ECO:0000255|PROSITE-ProRule:PRU00037"""	IPR011705;IPR017096;IPR000210;IPR015915;IPR006652;IPR030575;IPR011333;	PF07707;PF00651;PF01344;PF24681;		https://www.proteinatlas.org/ENSG00000099910-KLHL22/interaction	8	KLHL9;APOC3;ATPAF2;BMP7;CILP2;CLEC11A;COPS5;COPS6		True	True
LEUTX	detail/nucleoplasm/LEUTX/LEUTX-evaluation.md	A8MZ59	SM00389;		IPR001356;IPR017970;IPR009057;	PF00046;		https://www.proteinatlas.org/ENSG00000213921-LEUTX/interaction	8	AGPAT4;AQP2;AQP3;ASGR1;C1QL4;C3orf52;CDS2;CMTM3		True	True
LGALS14	detail/nucleoplasm/LGALS14/LGALS14-evaluation.md	Q8TCE9	SM00908;SM00276;	"DOMAIN 6..138; /note=""Galectin""; /evidence=""ECO:0000255|PROSITE-ProRule:PRU00639"""	IPR013320;IPR044156;IPR001079;	PF00337;		https://www.proteinatlas.org/ENSG00000006659-LGALS14/interaction	8	AGR2;AJUBA;BANP;BLZF1;C1QTNF2;COG6;CRLF3;DDIT4L		True	True
LGALSL	detail/nucleoplasm/LGALSL/LGALSL-evaluation.md	Q3ZCW2	SM00908;SM00276;	"DOMAIN 39..168; /note=""Galectin""; /evidence=""ECO:0000255|PROSITE-ProRule:PRU00639"""	IPR013320;IPR044156;IPR001079;	PF00337;		https://www.proteinatlas.org/ENSG00000119862-LGALSL/interaction	7	CCR1;DDIT4L;LHX2;MAD1L1;SSUH2;TINF2;ZC3HC1		True	True
LTO1	detail/nucleoplasm/LTO1/LTO1-evaluation.md	Q8WV07			IPR019191;IPR052436;	PF09811;		https://www.proteinatlas.org/ENSG00000149716-LTO1/interaction	3	ABCE1;YAE1;GSC2		True	True
MBLAC1	detail/nucleoplasm/MBLAC1/MBLAC1-evaluation.md	A4D2B0	SM00849;		IPR039344;IPR001279;IPR036866;	PF00753;		https://www.proteinatlas.org/ENSG00000214309-MBLAC1/interaction	1	H1-7		True	True
MCMBP	detail/nucleoplasm/MCMBP/MCMBP-evaluation.md	Q9BTE3			IPR019140;	PF09739;		https://www.proteinatlas.org/ENSG00000197771-MCMBP/interaction	8	FKBP5;MCM2;MCM3;MCM4;MCM5;MCM6;MCM7;MCM8		True	True
MCRS1	detail/nucleoplasm/MCRS1/MCRS1-evaluation.md	Q96EZ8	SM00240;	"DOMAIN 363..419; /note=""FHA""; /evidence=""ECO:0000255|PROSITE-ProRule:PRU00086"""	IPR000253;IPR037912;IPR025999;IPR008984;	PF00498;PF13325;		https://www.proteinatlas.org/ENSG00000187778-MCRS1/interaction	8	CSRNP1;DAXX;IKZF1;INO80E;INSYN1;PHC2;RIPPLY3;TRIM37		True	True
MEAF6	detail/nucleoplasm/MEAF6/MEAF6-evaluation.md	Q9HAF1			IPR015418;	PF09340;		https://www.proteinatlas.org/ENSG00000163875-MEAF6/interaction	8	L3MBTL2;PLEKHF2;RUVBL2;BRD1;BRD8;BRPF1;BRPF3;BYSL		True	True
MEI4	detail/nucleoplasm/MEI4/MEI4-evaluation.md	A8MW99			IPR025888;	PF13971;		https://www.proteinatlas.org/ENSG00000269964-MEI4/interaction	8	AFMID;BAG4;C19orf25;C1orf109;CABP5;CDKN2D;CHAF1A;CPNE2		True	True
MEIOC	detail/nucleoplasm/MEIOC/MEIOC-evaluation.md	A2RUB1			IPR027963;	PF15189;		https://www.proteinatlas.org/ENSG00000180336-MEIOC/interaction	0			True	True
METTL18	detail/nucleoplasm/METTL18/METTL18-evaluation.md	O95568			IPR019410;IPR029063;	PF13489;		https://www.proteinatlas.org/ENSG00000171806-METTL18/interaction	8	RPL3;FCGRT;IMPA1;MND1;PHKA2;PTGES2;SMAD4;TAGAP		True	True
METTL21A	detail/nucleoplasm/METTL21A/METTL21A-evaluation.md	Q8WXB1			IPR019410;IPR029063;	PF10294;		https://www.proteinatlas.org/ENSG00000144401-METTL21A/interaction	8	BAG3;HSPA2;HSPA4;HSPA4L;HSPA8;HSPBP1;ARPC4;ATRIP		True	True
MLF2	detail/nucleoplasm/MLF2/MLF2-evaluation.md	Q15773			IPR019376;	PF10248;		https://www.proteinatlas.org/ENSG00000089693-MLF2/interaction	8	AIFM1;BAG1;BAG2;BAG3;DNAJB6;HSPB8;STUB1;BAG4		True	True
MNAT1	detail/nucleoplasm/MNAT1/MNAT1-evaluation.md	P51948	SM00184;	"DOMAIN 142..161; /note=""UIM""; /evidence=""ECO:0000255|PROSITE-ProRule:PRU00213"""	IPR004575;IPR057657;IPR015877;IPR003903;IPR001841;IPR013083;IPR017907;	PF25811;PF06391;PF17121;		https://www.proteinatlas.org/ENSG00000020426-MNAT1/interaction	8	CCNH;CDK7;ERCC2;ERCC3;GTF2H1;GTF2H2;GTF2H4;BRCA1		True	True
MORN3	detail/nucleoplasm/MORN3/MORN3-evaluation.md	Q6PF18	SM00698;		IPR003409;IPR052472;	PF02493;		https://www.proteinatlas.org/ENSG00000139714-MORN3/interaction	8	ALOXE3;ARID5A;BEX2;BLZF1;C14orf119;CDCA7L;CTDSP1;DYNLL1		True	True
MROH1	detail/nucleoplasm/MROH1/MROH1-evaluation.md	Q8NDA8			IPR011989;IPR016024;IPR055406;IPR055408;IPR021133;IPR048465;IPR045206;IPR056282;	PF21047;PF23210;PF23221;PF23227;		https://www.proteinatlas.org/ENSG00000179832-MROH1/interaction	8	CD83;CIAO2A;CLEC14A;CLEC4E;FAM174A;GML;GPR182;GPR45		True	True
MTREX	detail/nucleoplasm/MTREX/MTREX-evaluation.md	P42285	SM00487;SM01142;SM00490;	"DOMAIN 148..304; /note=""Helicase ATP-binding""; /evidence=""ECO:0000255|PROSITE-ProRule:PRU00541""; DOMAIN 405..577; /note=""Helicase C-terminal""; /evidence=""ECO:0000255|PROSITE-ProRule:PRU00542"""	IPR025696;IPR011545;IPR014001;IPR001650;IPR048392;IPR027417;IPR050699;IPR016438;IPR012961;	PF00270;PF08148;PF00271;PF21408;PF13234;		https://www.proteinatlas.org/ENSG00000039123-MTREX/interaction	8	EXOSC2;EXOSC3;EXOSC4;EXOSC5;EXOSC7;MPHOSPH6;RBM7;C1D		True	True
NABP2	detail/nucleoplasm/NABP2/NABP2-evaluation.md	Q9BQ15			IPR012340;IPR048970;IPR051231;	PF21473;		https://www.proteinatlas.org/ENSG00000139579-NABP2/interaction	8	INTS3;ATM;BLM;CDKN1A;EP300;FBXL5;INIP;INTS5		True	True
NAT16	detail/nucleoplasm/NAT16/NAT16-evaluation.md	Q8N8M0		"DOMAIN 53..188; /note=""N-acetyltransferase""; /evidence=""ECO:0000255|PROSITE-ProRule:PRU00532"""	IPR016181;IPR000182;IPR056483;	PF00583;PF24066;		https://www.proteinatlas.org/ENSG00000167011-NAT16/interaction	0			True	True
NCKIPSD	detail/nucleoplasm/NCKIPSD/NCKIPSD-evaluation.md	Q9NZQ3	SM00326;	"DOMAIN 1..58; /note=""SH3""; /evidence=""ECO:0000255|PROSITE-ProRule:PRU00192"""	IPR036028;IPR001452;IPR030125;IPR018556;IPR035514;	PF00018;PF09431;		https://www.proteinatlas.org/ENSG00000213672-NCKIPSD/interaction	8	BAIAP2;NCK2;YWHAE;YWHAG;YWHAZ;ACTG1;ACTR2;COPS3		True	True
NDOR1	detail/nucleoplasm/NDOR1/NDOR1-evaluation.md	Q9UHB4		"DOMAIN 6..150; /note=""Flavodoxin-like""; /evidence=""ECO:0000255|HAMAP-Rule:MF_03178""; DOMAIN 206..447; /note=""FAD-binding FR-type""; /evidence=""ECO:0000255|HAMAP-Rule:MF_03178"""	IPR003097;IPR017927;IPR001094;IPR008254;IPR001709;IPR029039;IPR039261;IPR023173;IPR028879;IPR001433;IPR017938;	PF00667;PF00258;PF00175;		https://www.proteinatlas.org/ENSG00000188566-NDOR1/interaction	8	CIAPIN1;CENATAC;EFHC2;GAS8;GLRX3;GPS2;HOXB2;KIAA0408		True	True
NELFB	detail/nucleoplasm/NELFB/NELFB-evaluation.md	Q8WX92			IPR010405;	PF06209;		https://www.proteinatlas.org/ENSG00000188986-NELFB/interaction	8	BRCA1;NELFA;NELFE;SUPT5H;YWHAB;YWHAE;YWHAG;YWHAZ		True	True
NMRAL1	detail/nucleoplasm/NMRAL1/NMRAL1-evaluation.md	Q9HBL8			IPR036291;IPR008030;IPR051164;	PF05368;		https://www.proteinatlas.org/ENSG00000153406-NMRAL1/interaction	8	HSPA8;ACTA1;ASS1;GALNT1;OPTN;OTUB2;PCNA;PHB2		True	True
NTAQ1	detail/nucleoplasm/NTAQ1/NTAQ1-evaluation.md	Q96HA8			IPR037132;IPR039733;IPR023128;	PF09764;		https://www.proteinatlas.org/ENSG00000156795-NTAQ1/interaction	8	ACTB;BIRC2;BTBD1;COIL;PLA2G10;RAD54L;VAC14;XIAP		True	True
NTMT2	detail/nucleoplasm/NTMT2/NTMT2-evaluation.md	Q5VVY1			IPR008576;IPR029063;	PF05891;		https://www.proteinatlas.org/ENSG00000203740-NTMT2/interaction	0			True	True
OOEP	detail/nucleoplasm/OOEP/OOEP-evaluation.md	A6NGQ2		"DOMAIN 49..110; /note=""KH; atypical"""	IPR036612;IPR051778;IPR031952;	PF16005;		https://www.proteinatlas.org/ENSG00000203907-OOEP/interaction	7	ALOX5;C1orf109;ENKD1;KHDC3L;KIF9;LONRF1;NTAQ1		True	True
OSBPL1A	detail/nucleoplasm/OSBPL1A/OSBPL1A-evaluation.md	Q9BXW6	SM00248;SM00233;	"DOMAIN 235..334; /note=""PH""; /evidence=""ECO:0000255|PROSITE-ProRule:PRU00145"""	IPR002110;IPR036770;IPR037239;IPR000648;IPR018494;IPR011993;IPR001849;	PF12796;PF01237;		https://www.proteinatlas.org/ENSG00000141447-OSBPL1A/interaction	8	VAPA;VAPB;HEXIM1;HIF1AN;MOSPD2;PRPF31;RAB7A;RILP		True	True
PAAF1	detail/nucleoplasm/PAAF1/PAAF1-evaluation.md	Q9BRP4	SM00320;		IPR015943;IPR020472;IPR036322;IPR001680;IPR051179;	PF00400;		https://www.proteinatlas.org/ENSG00000175575-PAAF1/interaction	8	PSMC1;PSMC2;PSMC3;PSMC4;PSMC5;PSMD1;PSMD10;PSMD11		True	True
PCGF5	detail/nucleoplasm/PCGF5/PCGF5-evaluation.md	Q86SE9	SM00184;		IPR051507;IPR032443;IPR001841;IPR013083;IPR017907;	PF16207;PF13923;		https://www.proteinatlas.org/ENSG00000180628-PCGF5/interaction	8	AUTS2;CBX8;CSNK2A1;CSNK2A2;CSNK2B;DCAF7;PHC2;PRMT6		True	True
PHF20L1	detail/nucleoplasm/PHF20L1/PHF20L1-evaluation.md	A8MW92	SM00743;SM00333;	"DOMAIN 11..71; /note=""Tudor 1""; DOMAIN 85..141; /note=""Tudor 2"""	IPR014002;IPR040477;IPR043449;IPR002999;IPR047405;IPR019786;IPR011011;IPR013083;	PF16660;PF20826;PF18104;		https://www.proteinatlas.org/ENSG00000129292-PHF20L1/interaction	8	KANSL1;KANSL2;DNMT1;H3C1;H3C10;H3C11;H3C12;H3C2		True	True
PM20D2	detail/nucleoplasm/PM20D2/PM20D2-evaluation.md	Q8IYS1			IPR036264;IPR002933;IPR052030;IPR011650;IPR017144;	PF07687;PF01546;		https://www.proteinatlas.org/ENSG00000146281-PM20D2/interaction	8	CCNF;CNNM3;DDIT4L;DNAJC11;EPDR1;HAPLN2;KEL;KRT75		True	True
PPIL3	detail/nucleoplasm/PPIL3/PPIL3-evaluation.md	Q9H2H8		"DOMAIN 2..154; /note=""PPIase cyclophilin-type""; /evidence=""ECO:0000255|PROSITE-ProRule:PRU00156"""	IPR029000;IPR024936;IPR020892;IPR002130;IPR044666;	PF00160;		https://www.proteinatlas.org/ENSG00000240344-PPIL3/interaction	8	LMNA;SLU7;BAG3;CENATAC;CSNK2A1;MAPRE1;RNF31;SNX3		True	True
PPIL4	detail/nucleoplasm/PPIL4/PPIL4-evaluation.md	Q8WUA2	SM00360;	"DOMAIN 1..161; /note=""PPIase cyclophilin-type""; /evidence=""ECO:0000255|PROSITE-ProRule:PRU00156""; DOMAIN 240..318; /note=""RRM""; /evidence=""ECO:0000255|PROSITE-ProRule:PRU00176"""	IPR035542;IPR029000;IPR002130;IPR035538;IPR012677;IPR035979;IPR000504;	PF00160;PF00076;		https://www.proteinatlas.org/ENSG00000131013-PPIL4/interaction	8	DHX40;NSRP1;BRD4;CHERP;CIAO1;CSNK2A2;DHX16;DLG2		True	True
PPWD1	detail/nucleoplasm/PPWD1/PPWD1-evaluation.md	Q96BP3	SM00320;	"DOMAIN 490..645; /note=""PPIase cyclophilin-type""; /evidence=""ECO:0000255|PROSITE-ProRule:PRU00156"""	IPR029000;IPR002130;IPR044666;IPR015943;IPR036322;IPR001680;	PF00160;PF00400;		https://www.proteinatlas.org/ENSG00000113593-PPWD1/interaction	8	CHRNA7;CPSF6;FKBP5;PRKN;RBM39;SEC13;SF3A1;SNRPA		True	True
PYGO1	detail/nucleoplasm/PYGO1/PYGO1-evaluation.md	Q9Y3Y4	SM00249;		IPR052475;IPR019786;IPR011011;IPR001965;IPR019787;IPR013083;	PF00628;		https://www.proteinatlas.org/ENSG00000171016-PYGO1/interaction	5	BCL9;B2M;CALR;DLST;NEK7		True	True
R3HDM4	detail/nucleoplasm/R3HDM4/R3HDM4-evaluation.md	Q96D70		"DOMAIN 187..250; /note=""R3H""; /evidence=""ECO:0000255|PROSITE-ProRule:PRU00382"""	IPR025952;IPR001374;IPR036867;IPR039629;	PF01424;PF13902;		https://www.proteinatlas.org/ENSG00000198858-R3HDM4/interaction	0			True	True
RHOXF2	detail/nucleoplasm/RHOXF2/RHOXF2-evaluation.md	Q9BQY4	SM00389;		IPR001356;IPR017970;IPR009057;	PF00046;		https://www.proteinatlas.org/ENSG00000131721-RHOXF2/interaction	8	ATXN1;CHAC1;EFEMP2;NEU4;PLOD3;TOLLIP;ZBTB32;ARID5A		True	True
RIOX1	detail/nucleoplasm/RIOX1/RIOX1-evaluation.md	Q9H6W3		"DOMAIN 294..439; /note=""JmjC""; /evidence=""ECO:0000255|PROSITE-ProRule:PRU00538"""	IPR003347;IPR039994;IPR049043;	PF08007;PF21233;		https://www.proteinatlas.org/ENSG00000170468-RIOX1/interaction	1	MYC		True	True
RMND5A	detail/nucleoplasm/RMND5A/RMND5A-evaluation.md	Q9H871	SM00757;SM00668;SM00667;	"DOMAIN 114..146; /note=""LisH""; /evidence=""ECO:0000255|PROSITE-ProRule:PRU00126""; DOMAIN 153..210; /note=""CTLH""; /evidence=""ECO:0000255|PROSITE-ProRule:PRU00058"""	IPR013144;IPR024964;IPR006595;IPR045098;IPR006594;IPR037680;IPR044063;IPR027370;	PF10607;PF13445;		https://www.proteinatlas.org/ENSG00000153561-RMND5A/interaction	8	ARMC8;DDX5;GID4;GID8;MAEA;MKLN1;RANBP10;RANBP9		True	True
RWDD3	detail/nucleoplasm/RWDD3/RWDD3-evaluation.md	Q9Y3V2	SM00591;	"DOMAIN 7..114; /note=""RWD""; /evidence=""ECO:0000255|PROSITE-ProRule:PRU00179"""	IPR006575;IPR038840;IPR016135;	PF05773;		https://www.proteinatlas.org/ENSG00000122481-RWDD3/interaction	3	UBE2I;HIF1A;VHL		True	True
SEPTIN12	detail/nucleoplasm/SEPTIN12/SEPTIN12-evaluation.md	Q8IYM1		"DOMAIN 46..317; /note=""Septin-type G""; /evidence=""ECO:0000255|PROSITE-ProRule:PRU01056"""	IPR030379;IPR027417;IPR016491;	PF00735;		https://www.proteinatlas.org/ENSG00000140623-SEPTIN12/interaction	8	SEPTIN1;SEPTIN5;BRAF;RSPH14;SEPTIN2;SEPTIN4;SEPTIN6;SEPTIN7		True	True
SINHCAF	detail/nucleoplasm/SINHCAF/SINHCAF-evaluation.md	Q9NP50			IPR026065;	PF15396;		https://www.proteinatlas.org/ENSG00000139146-SINHCAF/interaction	8	ARID4A;ARID4B;BAHCC1;BRMS1;BRMS1L;HDAC1;ING2;RBBP7		True	True
SLX1A	detail/nucleoplasm/SLX1A/SLX1A-evaluation.md	Q9BQ83		"DOMAIN 12..95; /note=""GIY-YIG""; /evidence=""ECO:0000255|HAMAP-Rule:MF_03100"""	IPR000305;IPR035901;IPR027520;IPR048749;IPR050381;IPR013083;	PF01541;PF21202;		https://www.proteinatlas.org/ENSG00000132207-SLX1A/interaction	3	ERCC4;SLX4;MUS81		True	True
SPSB3	detail/nucleoplasm/SPSB3/SPSB3-evaluation.md	Q6PJ21	SM00969;SM00449;	"DOMAIN 85..274; /note=""B30.2/SPRY""; /evidence=""ECO:0000255|PROSITE-ProRule:PRU00548""; DOMAIN 264..315; /note=""SOCS box""; /evidence=""ECO:0000255|PROSITE-ProRule:PRU00194"""	IPR001870;IPR043136;IPR013320;IPR050672;IPR001496;IPR003877;IPR035754;	PF00622;		https://www.proteinatlas.org/ENSG00000162032-SPSB3/interaction	7	CUL5;CELA2B;ENKD1;GCAT;GRN;NUMBL;RNF7		True	True
STRADA	detail/nucleoplasm/STRADA/STRADA-evaluation.md	Q7RTN6		"DOMAIN 69..379; /note=""Protein kinase""; /evidence=""ECO:0000255|PROSITE-ProRule:PRU00159"""	IPR011009;IPR000719;IPR047173;	PF00069;		https://www.proteinatlas.org/ENSG00000266173-STRADA/interaction	5	CAB39;STK11;CLASP2;PIP4K2C;XPO1		True	True
SUPT4H1	detail/nucleoplasm/SUPT4H1/SUPT4H1-evaluation.md	P63272	SM01389;		IPR029040;IPR009287;IPR022800;IPR038510;	PF06093;		https://www.proteinatlas.org/ENSG00000213246-SUPT4H1/interaction	8	SUPT5H;POLR2K;RNGTT;SEM1;SNRPA;SNRPC;SNRPF;SOCS2		True	True
TADA1	detail/nucleoplasm/TADA1/TADA1-evaluation.md	Q96BN2			IPR024738;	PF12767;		https://www.proteinatlas.org/ENSG00000152382-TADA1/interaction	8	ENY2;SF3B5;SGF29;SUPT20H;TADA2B;TAF10;TAF12;TAF5L		True	True
TBL1Y	detail/nucleoplasm/TBL1Y/TBL1Y-evaluation.md	Q9BQ87	SM00667;SM00320;	"DOMAIN 4..36; /note=""LisH""; /evidence=""ECO:0000255|PROSITE-ProRule:PRU00126""; DOMAIN 41..86; /note=""F-box-like"""	IPR045183;IPR006594;IPR015943;IPR020472;IPR019775;IPR036322;IPR001680;	PF08513;PF00400;		https://www.proteinatlas.org/ENSG00000092377-TBL1Y/interaction	8	HDAC3;CCT2;CCT6B;DNAJB4;ERF;ETV3;GPS2;NDUFS6		True	True
TBRG1	detail/nucleoplasm/TBRG1/TBRG1-evaluation.md	Q3YBR2	SM00542;SM00541;	"DOMAIN 182..241; /note=""FYR N-terminal""; /evidence=""ECO:0000255|PROSITE-ProRule:PRU00875""; DOMAIN 242..321; /note=""FYR C-terminal""; /evidence=""ECO:0000255|PROSITE-ProRule:PRU00876"""	IPR003889;IPR003888;IPR040092;	PF05965;PF05964;		https://www.proteinatlas.org/ENSG00000154144-TBRG1/interaction	5	ZMYND19;DNALI1;KLF11;RUVBL2;SMYD1		True	True
TCEANC2	detail/nucleoplasm/TCEANC2/TCEANC2-evaluation.md	Q96MN5	SM00509;	"DOMAIN 40..114; /note=""TFIIS N-terminal""; /evidence=""ECO:0000255|PROSITE-ProRule:PRU00649""; DOMAIN 131..208; /note=""TFIIS central""; /evidence=""ECO:0000255|PROSITE-ProRule:PRU00651"""	IPR003617;IPR035441;IPR003618;IPR036575;IPR017923;	PF08711;		https://www.proteinatlas.org/ENSG00000116205-TCEANC2/interaction	4	AGTRAP;PICK1;SPRING1;TNIP1		True	True
TENT5C	detail/nucleoplasm/TENT5C/TENT5C-evaluation.md	Q5VWP2	SM01153;		IPR012937;	PF07984;		https://www.proteinatlas.org/ENSG00000183508-TENT5C/interaction	2	FNDC3A;RHOXF2		True	True
THUMPD2	detail/nucleoplasm/THUMPD2/THUMPD2-evaluation.md	Q9BTF0	SM00981;	"DOMAIN 161..266; /note=""THUMP""; /evidence=""ECO:0000255|PROSITE-ProRule:PRU00529"""	IPR000241;IPR029063;IPR004114;	PF02926;PF01170;		https://www.proteinatlas.org/ENSG00000138050-THUMPD2/interaction	2	TRMT112;WFS1		True	True
TLE5	detail/nucleoplasm/TLE5/TLE5-evaluation.md	Q08117			IPR005617;IPR009146;	PF03920;		https://www.proteinatlas.org/ENSG00000104964-TLE5/interaction	8	ABI2;CRX;KRT31;PTRH2;RIPPLY1;SOX5;TLE1;TLE2		True	True
TLNRD1	detail/nucleoplasm/TLNRD1/TLNRD1-evaluation.md	Q9H1K6			IPR054082;IPR042799;	PF21896;		https://www.proteinatlas.org/ENSG00000140406-TLNRD1/interaction	2	CCM2;PICK1		True	True
TMA16	detail/nucleoplasm/TMA16/TMA16-evaluation.md	Q96EY4			IPR021346;IPR038356;	PF11176;		https://www.proteinatlas.org/ENSG00000198498-TMA16/interaction	8	TNPO1;TNPO2;AP2M1;CASTOR1;HK2;HTT;KLHL2;KRTAP10-7		True	True
TRNAU1AP	detail/nucleoplasm/TRNAU1AP/TRNAU1AP-evaluation.md	Q9NX07	SM00360;	"DOMAIN 3..86; /note=""RRM 1""; /evidence=""ECO:0000255|PROSITE-ProRule:PRU00176""; DOMAIN 96..175; /note=""RRM 2""; /evidence=""ECO:0000255|PROSITE-ProRule:PRU00176"""	IPR012677;IPR035979;IPR000504;IPR034510;IPR040434;IPR041085;	PF00076;PF17654;		https://www.proteinatlas.org/ENSG00000180098-TRNAU1AP/interaction	5	CALR;DLST;KLK6;NEK7;PRPF39		True	True
TTC5	detail/nucleoplasm/TTC5/TTC5-evaluation.md	Q8N0Z6	SM00028;		IPR011990;IPR019734;IPR032076;IPR038645;	PF16669;		https://www.proteinatlas.org/ENSG00000136319-TTC5/interaction	8	CAMK2A;CAMK2B;CAMK2D;CAVIN1;DDIT4L;GOLGA6A;HDX;JMY		True	True
TUBGCP2	detail/nucleoplasm/TUBGCP2/TUBGCP2-evaluation.md	Q9BSJ2			IPR007259;IPR040457;IPR042241;IPR041470;	PF04130;PF17681;		https://www.proteinatlas.org/ENSG00000130640-TUBGCP2/interaction	8	TUBG1;TUBGCP5;APLNR;CCNF;CDK5RAP2;FPR1;GPR182;GPR45		True	True
UBXN6	detail/nucleoplasm/UBXN6/UBXN6-evaluation.md	Q9BZV1	SM00580;SM00166;	"DOMAIN 175..244; /note=""PUB""; /evidence=""ECO:0000255""; DOMAIN 332..408; /note=""UBX""; /evidence=""ECO:0000255|PROSITE-ProRule:PRU00215"""	IPR036339;IPR018997;IPR029071;IPR001012;IPR042774;	PF09409;PF00789;		https://www.proteinatlas.org/ENSG00000167671-UBXN6/interaction	8	QRICH1;UBXN10;UBXN2A;VCP;VCPIP1;VCPKMT;YOD1;AAAS		True	True
UBXN7	detail/nucleoplasm/UBXN7/UBXN7-evaluation.md	O94888	SM00594;SM00166;	"DOMAIN 2..54; /note=""UBA""; DOMAIN 285..304; /note=""UIM""; DOMAIN 408..485; /note=""UBX""; /evidence=""ECO:0000255|PROSITE-ProRule:PRU00215"""	IPR036249;IPR006577;IPR009060;IPR054109;IPR029071;IPR017346;IPR001012;IPR050730;	PF13899;PF22566;PF00789;		https://www.proteinatlas.org/ENSG00000163960-UBXN7/interaction	8	CUL1;CUL2;CUL3;CUL4A;CUL4B;HIF1A;NEDD8;NPLOC4		True	True
UEVLD	detail/nucleoplasm/UEVLD/UEVLD-evaluation.md	Q8IX04		"DOMAIN 2..145; /note=""UEV""; /evidence=""ECO:0000255|PROSITE-ProRule:PRU00652"""	IPR001557;IPR022383;IPR001236;IPR015955;IPR036291;IPR016135;IPR008883;	PF02866;PF00056;PF05743;		https://www.proteinatlas.org/ENSG00000151116-UEVLD/interaction	2	MORN4;WDR59		True	True
WDR20	detail/nucleoplasm/WDR20/WDR20-evaluation.md	Q8TBZ3	SM00320;		IPR015943;IPR036322;IPR001680;IPR051362;	PF00400;		https://www.proteinatlas.org/ENSG00000140153-WDR20/interaction	8	DAPP1;USP12;USP46;FBXW5;KRAS;OPTN;PHLPP1;PHLPP2		True	True
YPEL1	detail/nucleoplasm/YPEL1/YPEL1-evaluation.md	O60688		"DOMAIN 19..116; /note=""Yippee""; /evidence=""ECO:0000255|PROSITE-ProRule:PRU01128"""	IPR034751;IPR004910;IPR039058;	PF03226;		https://www.proteinatlas.org/ENSG00000100027-YPEL1/interaction	0			True	True
ARMC8	detail/nucleus-cytoplasm/ARMC8/ARMC8-evaluation.md	Q8IUR7	SM00185;		IPR011989;IPR016024;IPR000225;IPR038739;	PF00514;		https://www.proteinatlas.org/ENSG00000114098-ARMC8/interaction	8	GID4;GID8;HTRA2;MAEA;MKLN1;PKP3;RANBP10;RANBP9		True	True
ASAP3	detail/nucleus-cytoplasm/ASAP3/ASAP3-evaluation.md	Q8TDY4	SM00248;SM00105;SM00233;	"DOMAIN 302..394; /note=""PH""; /evidence=""ECO:0000255|PROSITE-ProRule:PRU00145""; DOMAIN 426..551; /note=""Arf-GAP""; /evidence=""ECO:0000255|PROSITE-ProRule:PRU00288"""	IPR027267;IPR002110;IPR036770;IPR037278;IPR001164;IPR038508;IPR043593;IPR047006;IPR028775;IPR004148;IPR011993;IPR037844;IPR001849;	PF12796;PF01412;PF16746;PF00169;		https://www.proteinatlas.org/ENSG00000088280-ASAP3/interaction	5	CRK;PDZD3;REL;TEPSIN;TFCP2		True	True
ASZ1	detail/nucleus-cytoplasm/ASZ1/ASZ1-evaluation.md	Q8WWH4	SM00248;	"DOMAIN 272..334; /note=""SAM""; /evidence=""ECO:0000305"""	IPR002110;IPR036770;IPR042650;IPR001660;IPR013761;	PF00023;PF12796;PF07647;		https://www.proteinatlas.org/ENSG00000154438-ASZ1/interaction	8	BET1;C14orf180;DEFB127;LPAR3;SLC35A1;SMIM1;TMEM218;TMEM97		True	True
ATXN7L3B	detail/nucleus-cytoplasm/ATXN7L3B/ATXN7L3B-evaluation.md	Q96GX2			IPR042933;			https://www.proteinatlas.org/ENSG00000253719-ATXN7L3B/interaction	2	ENY2;USP22		True	True
B4GALNT4	detail/nucleus-cytoplasm/B4GALNT4/B4GALNT4-evaluation.md	Q76KP1	SM00758;	"DOMAIN 108..278; /note=""PA14""; /evidence=""ECO:0000255|PROSITE-ProRule:PRU01164"""	IPR008428;IPR051227;IPR029044;IPR037524;IPR011658;	PF05679;		https://www.proteinatlas.org/ENSG00000182272-B4GALNT4/interaction	0			True	True
BET1L	detail/nucleus-cytoplasm/BET1L/BET1L-evaluation.md	Q9NYM9		"DOMAIN 15..77; /note=""t-SNARE coiled-coil homology""; /evidence=""ECO:0000255|PROSITE-ProRule:PRU00202"""	IPR039899;IPR000727;				0		URLError: <urlopen error EOF occurred in violation of protocol (_ssl.c:1129)>	True	True
BICRAL	detail/nucleus-cytoplasm/BICRAL/BICRAL-evaluation.md	Q6AI39			IPR052438;IPR015671;	PF15249;		https://www.proteinatlas.org/ENSG00000112624-BICRAL/interaction	8	ARHGDIG;ATXN1;BFSP2;BRD9;CDC5L;DTX2;EXOC8;HGS		True	True
BLTP3B	detail/nucleus-cytoplasm/BLTP3B/BLTP3B-evaluation.md	A0JNW5		"DOMAIN 3..94; /note=""Chorein N-terminal""; /evidence=""ECO:0000255"""	IPR026728;	PF24917;		https://www.proteinatlas.org/ENSG00000111647-BLTP3B/interaction	8	DYNLL1;DYNLL2;YWHAB;YWHAG;YWHAH;YWHAQ;YWHAZ;DIO3		True	True
BPNT2	detail/nucleus-cytoplasm/BPNT2/BPNT2-evaluation.md	Q9NX62			IPR050725;IPR000760;IPR020550;	PF00459;		https://www.proteinatlas.org/ENSG00000104331-BPNT2/interaction	3	MAN1A1;PTPRN;SOAT1		True	True
CCDC61	detail/nucleus-cytoplasm/CCDC61/CCDC61-evaluation.md	Q9Y6R9			IPR049733;			https://www.proteinatlas.org/ENSG00000104983-CCDC61/interaction	3	CEP131;CEP170;PCM1		True	True
