gene	cat	status	length	priority	issues_count	issues
ALKBH3	chromatin	scored	8327	OK	0	OK
ARID3A	chromatin	scored	8193	OK	0	OK
ASF1A	chromatin	scored	2771	MED	1	NO_pLDDT
ASXL3	chromatin	scored	5682	OK	0	OK
AURKC	chromatin	scored	2844	MED	1	NO_pLDDT
BAHD1	chromatin	scored	5642	OK	0	OK
BOD1L2	chromatin	scored	1108	HIGH	2	NO_PDB;NO_LITERATURE
CCDC137	chromatin	scored	4275	MED	1	NO_pLDDT
CDYL	chromatin	scored	2807	MED	1	NO_pLDDT
CENPH	chromatin	scored	3952	MED	1	NO_pLDDT
CENPI	chromatin	scored	4387	MED	1	NO_pLDDT
CENPK	chromatin	scored	4571	MED	1	NO_pLDDT
CENPL	chromatin	scored	4355	OK	0	OK
CENPM	chromatin	scored	4080	MED	1	NO_pLDDT
CENPT	chromatin	scored	3938	MED	1	NO_pLDDT
CENPU	chromatin	scored	4420	MED	1	NO_pLDDT
CENPV	chromatin	scored	4829	OK	0	OK
CENPX	chromatin	scored	4533	MED	1	NO_pLDDT
CFDP1	chromatin	scored	4923	MED	1	NO_pLDDT
CRAMP1	chromatin	scored	4784	OK	0	OK
CREB3L4	chromatin	scored	7435	OK	0	OK
CSNK1A1	chromatin	scored	3140	MED	1	NO_pLDDT
DDB2	chromatin	scored	2651	MED	1	NO_pLDDT
DSN1	chromatin	scored	4160	OK	0	OK
GINS4	chromatin	scored	2764	MED	1	NO_pLDDT
HP1BP3	chromatin	scored	13266	OK	0	OK
IHO1	chromatin	scored	4316	OK	0	OK
JADE1	chromatin	scored	4922	OK	0	OK
LRWD1	chromatin	scored	6633	MED	1	NO_PDB
MACROH2A2	chromatin	scored	6226	OK	0	OK
MPHOSPH8	chromatin	scored	4868	OK	0	OK
NAP1L1	chromatin	scored	2967	MED	1	NO_pLDDT
NAP1L2	chromatin	scored	2768	MED	1	NO_pLDDT
NAP1L4	chromatin	scored	2964	MED	1	NO_pLDDT
NCAPD2	chromatin	scored	2973	MED	1	NO_pLDDT
NCAPH	chromatin	scored	2817	MED	1	NO_pLDDT
NCAPH2	chromatin	scored	2817	MED	1	NO_pLDDT
NCBP2	chromatin	scored	4604	MED	1	NO_pLDDT
NFX1	chromatin	scored	4505	MED	1	NO_pLDDT
NMD3	chromatin	scored	4205	MED	1	NO_pLDDT
NSMCE2	chromatin	scored	2833	MED	1	NO_pLDDT
PAXIP1	chromatin	scored	4833	MED	1	NO_pLDDT
PAXX	chromatin	scored	3964	MED	1	NO_pLDDT
PHF14	chromatin	scored	2815	MED	1	NO_pLDDT
PIDD1	chromatin	scored	4549	MED	1	NO_pLDDT
PLRG1	chromatin	scored	4327	MED	1	NO_pLDDT
PMF1	chromatin	scored	3975	MED	1	NO_pLDDT
PPHLN1	chromatin	scored	4233	MED	1	NO_pLDDT
PRR14	chromatin	scored	3833	MED	1	NO_pLDDT
PRR7	chromatin	scored	3991	MED	1	NO_pLDDT
PRRC2A	chromatin	scored	3984	MED	1	NO_pLDDT
PTBP3	chromatin	scored	4253	MED	1	NO_pLDDT
PURB	chromatin	scored	3975	MED	1	NO_pLDDT
PUS1	chromatin	scored	4253	MED	1	NO_pLDDT
QRICH1	chromatin	scored	4077	MED	1	NO_pLDDT
QSER1	chromatin	scored	3866	MED	1	NO_pLDDT
REC114	chromatin	scored	3982	MED	1	NO_pLDDT
RTF2	chromatin	scored	3838	MED	1	NO_pLDDT
SAMD1	chromatin	scored	6332	OK	0	OK
SEM1	chromatin	scored	4197	MED	1	NO_pLDDT
SEPHS1	chromatin	scored	4155	MED	1	NO_pLDDT
SETMAR	chromatin	scored	2775	MED	1	NO_pLDDT
SGF29	chromatin	scored	4326	MED	1	NO_pLDDT
SGTA	chromatin	scored	4201	MED	1	NO_pLDDT
SHLD1	chromatin	scored	6394	OK	0	OK
SLFN5	chromatin	scored	4494	MED	1	NO_pLDDT
SLTM	chromatin	scored	4242	MED	1	NO_pLDDT
SMU1	chromatin	scored	4382	MED	1	NO_pLDDT
SPC24	chromatin	scored	4008	MED	1	NO_pLDDT
SPC25	chromatin	scored	3983	MED	1	NO_pLDDT
SPINDOC	chromatin	scored	4454	MED	1	NO_pLDDT
SSBP2	chromatin	scored	4043	MED	1	NO_pLDDT
STAG3	chromatin	scored	2834	MED	1	NO_pLDDT
SUPT16H	chromatin	scored	5322	MED	1	NO_pLDDT
SYCE1	chromatin	scored	4003	MED	1	NO_pLDDT
SYCE2	chromatin	scored	3970	MED	1	NO_pLDDT
TADA2A	chromatin	scored	4607	MED	1	NO_pLDDT
TASOR2	chromatin	scored	3855	MED	1	NO_pLDDT
TELO2	chromatin	scored	4440	MED	1	NO_pLDDT
TEX15	chromatin	scored	4013	MED	1	NO_pLDDT
THAP4	chromatin	scored	4169	MED	1	NO_pLDDT
TOX4	chromatin	scored	4204	MED	1	NO_pLDDT
UFL1	chromatin	scored	2860	MED	1	NO_pLDDT
UVSSA	chromatin	scored	4140	MED	1	NO_pLDDT
WDR77	chromatin	scored	4230	MED	1	NO_pLDDT
ZHX1	chromatin	scored	4437	MED	1	NO_pLDDT
ANKRD2	nuclear-body	scored	6059	OK	0	OK
DAPK3	nuclear-body	scored	4625	OK	0	OK
EAF1	nuclear-body	scored	3949	OK	0	OK
FANCL	nuclear-body	scored	3912	OK	0	OK
FOXJ2	nuclear-body	scored	4957	OK	0	OK
GEMIN6	nuclear-body	scored	4786	MED	1	NO_PDB
GMEB2	nuclear-body	scored	5023	MED	1	NO_PDB
GNB1L	nuclear-body	scored	4307	HIGH	2	NO_PDB;NO_LITERATURE
GTSF1	nuclear-body	scored	4217	HIGH	2	NO_PDB;NO_LITERATURE
KBTBD4	nuclear-body	scored	4788	MED	1	NO_PDB
MESD	nuclear-body	scored	3839	MED	1	NO_PDB
NAA15	nuclear-body	scored	4736	MED	1	NO_pLDDT
NUTM2B	nuclear-body	scored	3347	OK	0	OK
PLXDC2	nuclear-body	scored	3561	OK	0	OK
PRRC2B	nuclear-body	scored	3762	OK	0	OK
PSTK	nuclear-body	scored	3283	OK	0	OK
SHCBP1	nuclear-body	scored	6086	MED	1	NO_LITERATURE
SP140	nuclear-body	scored	4732	MED	1	NO_pLDDT
THAP11	nuclear-body	scored	4830	MED	1	NO_pLDDT
THAP7	nuclear-body	scored	4824	MED	1	NO_pLDDT
TMA7	nuclear-body	scored	4013	OK	0	OK
TRIM8	nuclear-body	scored	2999	MED	1	NO_pLDDT
TSC22D1	nuclear-body	scored	4202	OK	0	OK
WDFY3	nuclear-body	scored	5012	MED	1	NO_pLDDT
WRAP53	nuclear-body	scored	4824	MED	1	NO_pLDDT
AARSD1	nuclear-envelope	scored	5221	OK	0	OK
AGPAT3	nuclear-envelope	scored	4664	MED	1	NO_PUBMED_COUNT
AHCTF1	nuclear-envelope	scored	5629	OK	0	OK
AMPD3	nuclear-envelope	scored	3461	MED	1	NO_PDB
ANKRD17	nuclear-envelope	scored	7749	OK	0	OK
ARL6IP6	nuclear-envelope	scored	5035	OK	0	OK
CERS5	nuclear-envelope	scored	3382	OK	0	OK
CHMP7	nuclear-envelope	scored	6894	OK	0	OK
EOGT	nuclear-envelope	scored	3381	OK	0	OK
GPKOW	nuclear-envelope	scored	4261	HIGH	2	NO_PDB;NO_LITERATURE
LEMD2	nuclear-envelope	scored	5159	MED	1	NO_PDB
LEMD3	nuclear-envelope	scored	5401	MED	1	NO_PDB
NANOGP8	nuclear-envelope	scored	4502	MED	1	NO_pLDDT
NDC1	nuclear-envelope	scored	4369	MED	1	NO_pLDDT
NEMP1	nuclear-envelope	scored	4154	MED	1	NO_pLDDT
OTUD5	nuclear-envelope	scored	4390	MED	1	NO_pLDDT
PHC1	nuclear-envelope	scored	4507	MED	1	NO_pLDDT
RESF1	nuclear-envelope	scored	4058	MED	1	NO_pLDDT
SAMD4B	nuclear-envelope	scored	4049	MED	1	NO_pLDDT
SAMSN1	nuclear-envelope	scored	4447	MED	1	NO_pLDDT
SUPT6H	nuclear-envelope	scored	4818	MED	1	NO_pLDDT
SURF4	nuclear-envelope	scored	3504	OK	0	OK
TNFAIP2	nuclear-envelope	scored	3433	OK	0	OK
YAF2	nuclear-envelope	scored	4049	MED	1	NO_pLDDT
ANKRD55	nuclear-speckle	scored	5544	MED	1	NO_PUBMED_COUNT
AP5Z1	nuclear-speckle	scored	4987	OK	0	OK
ARGLU1	nuclear-speckle	scored	4944	MED	1	NO_LITERATURE
ATOH8	nuclear-speckle	scored	4531	OK	0	OK
ATXN7L3	nuclear-speckle	scored	9514	OK	0	OK
C12orf57	nuclear-speckle	scored	6867	OK	0	OK
CASC3	nuclear-speckle	scored	4570	MED	1	NO_pLDDT
CBY1	nuclear-speckle	scored	1542	OK	0	OK
CCDC85C	nuclear-speckle	scored	794	HIGH	2	NO_PDB;NO_LITERATURE
DENND1B	nuclear-speckle	scored	3463	OK	0	OK
EPC2	nuclear-speckle	scored	3384	OK	0	OK
EPG5	nuclear-speckle	scored	3357	OK	0	OK
EXO5	nuclear-speckle	scored	3407	OK	0	OK
EYA3	nuclear-speckle	scored	6085	OK	0	OK
FAM50A	nuclear-speckle	scored	4035	OK	0	OK
FANCG	nuclear-speckle	scored	3304	OK	0	OK
FYTTD1	nuclear-speckle	scored	8047	OK	0	OK
GIPC2	nuclear-speckle	scored	4205	HIGH	2	NO_PDB;NO_LITERATURE
GUCY1A1	nuclear-speckle	scored	4328	HIGH	2	NO_PDB;NO_LITERATURE
MXRA8	nuclear-speckle	scored	5207	OK	0	OK
MYADM	nuclear-speckle	scored	3412	MED	1	NO_PDB
NELFCD	nuclear-speckle	scored	4322	MED	1	NO_pLDDT
NIP7	nuclear-speckle	scored	4666	MED	1	NO_pLDDT
NUFIP1	nuclear-speckle	scored	4725	MED	1	NO_pLDDT
PCP2	nuclear-speckle	scored	4177	OK	0	OK
POU5F2	nuclear-speckle	scored	4134	MED	1	NO_pLDDT
SERF2	nuclear-speckle	scored	3963	MED	1	NO_pLDDT
SGO2	nuclear-speckle	scored	3945	MED	1	NO_pLDDT
SMAD9	nuclear-speckle	scored	4533	MED	1	NO_pLDDT
SPOCD1	nuclear-speckle	scored	4151	MED	1	NO_pLDDT
SSBP4	nuclear-speckle	scored	3968	MED	1	NO_pLDDT
TESC	nuclear-speckle	scored	4193	MED	1	NO_pLDDT
VGLL3	nuclear-speckle	scored	3960	MED	1	NO_pLDDT
WDR82	nuclear-speckle	scored	4482	MED	1	NO_pLDDT
XYLB	nuclear-speckle	scored	3363	OK	0	OK
ABT1	nucleolus	scored	11369	OK	0	OK
ABTB1	nucleolus	scored	3908	MED	1	NO_PDB
AFF4	nucleolus	scored	7930	MED	1	NO_PPI_TABLE
AGBL2	nucleolus	scored	4744	OK	0	OK
AKAP8	nucleolus	scored	2970	MED	1	NO_pLDDT
AKNA	nucleolus	scored	3754	MED	1	NO_PDB
AKTIP	nucleolus	scored	4045	OK	0	OK
ALKBH4	nucleolus	scored	6596	OK	0	OK
ALX3	nucleolus	scored	5491	MED	1	NO_PUBMED_COUNT
ARID5A	nucleolus	scored	6880	OK	0	OK
ARL4A	nucleolus	scored	6333	OK	0	OK
ASB18	nucleolus	scored	4638	OK	0	OK
BAHCC1	nucleolus	scored	5382	OK	0	OK
BOP1	nucleolus	scored	2819	MED	1	NO_pLDDT
BPGM	nucleolus	scored	3914	MED	1	NO_PDB
C12orf43	nucleolus	scored	4422	OK	0	OK
C1D	nucleolus	scored	4345	MED	1	NO_pLDDT
CABLES2	nucleolus	scored	3428	OK	0	OK
CAMKMT	nucleolus	scored	1941	MED	1	NO_LITERATURE
CEP85	nucleolus	scored	1947	OK	0	OK
CHTOP	nucleolus	scored	3186	MED	1	NO_pLDDT
CRELD1	nucleolus	scored	3258	OK	0	OK
CRIP2	nucleolus	scored	3544	OK	0	OK
DCTN3	nucleolus	scored	4010	OK	0	OK
DPH5	nucleolus	scored	3709	OK	0	OK
DYRK1B	nucleolus	scored	2647	MED	1	NO_pLDDT
EBNA1BP2	nucleolus	scored	10935	OK	0	OK
ETV3	nucleolus	scored	3352	OK	0	OK
FAM32A	nucleolus	scored	3450	OK	0	OK
FAU	nucleolus	scored	3226	OK	0	OK
FOXI1	nucleolus	scored	3706	OK	0	OK
FOXL1	nucleolus	scored	4718	OK	0	OK
FOXO6	nucleolus	scored	4388	OK	0	OK
FOXR1	nucleolus	scored	4602	OK	0	OK
FOXR2	nucleolus	scored	4325	OK	0	OK
FRG1	nucleolus	scored	4695	OK	0	OK
FSAF1	nucleolus	scored	5880	MED	1	NO_LITERATURE
FTSJ1	nucleolus	scored	5255	OK	0	OK
G2E3	nucleolus	scored	4889	MED	1	NO_PDB
GEMIN5	nucleolus	scored	4579	MED	1	NO_PDB
GEMIN7	nucleolus	scored	4628	MED	1	NO_PDB
GLYR1	nucleolus	scored	5096	MED	1	NO_PDB
GMNC	nucleolus	scored	4278	HIGH	2	NO_PDB;NO_LITERATURE
GNAI1	nucleolus	scored	4538	HIGH	2	NO_PDB;NO_LITERATURE
GNL3	nucleolus	scored	4329	HIGH	2	NO_PDB;NO_LITERATURE
HMGXB3	nucleolus	scored	3739	OK	0	OK
ILF2	nucleolus	scored	4878	OK	0	OK
IQGAP3	nucleolus	scored	5010	OK	0	OK
ISG20L2	nucleolus	scored	4642	OK	0	OK
LLPH	nucleolus	scored	5959	MED	1	NO_PDB
LYAR	nucleolus	scored	5027	MED	1	NO_PDB
MFAP1	nucleolus	scored	5248	OK	0	OK
MRPL40	nucleolus	scored	3882	MED	1	NO_PDB
MYEOV	nucleolus	scored	6045	OK	0	OK
N4BP1	nucleolus	scored	4500	MED	1	NO_pLDDT
NFKBIE	nucleolus	scored	4047	OK	0	OK
NIFK	nucleolus	scored	4542	MED	1	NO_pLDDT
NKRF	nucleolus	scored	4621	MED	1	NO_pLDDT
NOC2L	nucleolus	scored	4680	MED	1	NO_pLDDT
NOSIP	nucleolus	scored	4342	MED	1	NO_pLDDT
NPM2	nucleolus	scored	4415	MED	1	NO_pLDDT
NPM3	nucleolus	scored	4461	MED	1	NO_pLDDT
NSA2	nucleolus	scored	2867	MED	1	NO_pLDDT
NSUN5	nucleolus	scored	4711	MED	1	NO_pLDDT
NWD1	nucleolus	scored	3552	OK	0	OK
OARD1	nucleolus	scored	2844	MED	1	NO_pLDDT
OLA1	nucleolus	scored	4351	MED	1	NO_pLDDT
P3H3	nucleolus	scored	3851	OK	0	OK
PANK1	nucleolus	scored	4476	MED	1	NO_pLDDT
PAPOLG	nucleolus	scored	4399	MED	1	NO_pLDDT
PCTP	nucleolus	scored	3721	OK	0	OK
PELI2	nucleolus	scored	3826	OK	0	OK
PHC2	nucleolus	scored	4938	MED	1	NO_pLDDT
PHF2	nucleolus	scored	2847	MED	1	NO_pLDDT
PHF21B	nucleolus	scored	3718	OK	0	OK
PIN4	nucleolus	scored	4784	MED	1	NO_pLDDT
PLK3	nucleolus	scored	2915	MED	1	NO_pLDDT
PLK4	nucleolus	scored	3118	MED	1	NO_pLDDT
PPDPF	nucleolus	scored	3441	OK	0	OK
PPID	nucleolus	scored	4715	MED	1	NO_pLDDT
PROX2	nucleolus	scored	4200	MED	1	NO_pLDDT
PSPC1	nucleolus	scored	2845	MED	1	NO_pLDDT
PWP1	nucleolus	scored	4732	MED	1	NO_pLDDT
PWP2	nucleolus	scored	4790	MED	1	NO_pLDDT
RABGEF1	nucleolus	scored	3918	OK	0	OK
RCL1	nucleolus	scored	4471	MED	1	NO_pLDDT
RDM1	nucleolus	scored	4418	MED	1	NO_pLDDT
REXO4	nucleolus	scored	2964	MED	1	NO_pLDDT
RIN2	nucleolus	scored	3348	OK	0	OK
RIOX2	nucleolus	scored	2772	MED	1	NO_pLDDT
SAMD14	nucleolus	scored	3414	OK	0	OK
SBDS	nucleolus	scored	2711	MED	1	NO_pLDDT
SDAD1	nucleolus	scored	4163	MED	1	NO_pLDDT
SENP3	nucleolus	scored	2849	MED	1	NO_pLDDT
SNAPIN	nucleolus	scored	3489	OK	0	OK
SREK1IP1	nucleolus	scored	3840	OK	0	OK
SRP68	nucleolus	scored	5772	OK	0	OK
SSBP3	nucleolus	scored	4439	MED	1	NO_pLDDT
STAMBP	nucleolus	scored	4582	MED	1	NO_pLDDT
SUPT3H	nucleolus	scored	4369	MED	1	NO_pLDDT
SUPT7L	nucleolus	scored	4224	MED	1	NO_pLDDT
TBL3	nucleolus	scored	4587	MED	1	NO_pLDDT
TCF15	nucleolus	scored	4014	MED	1	NO_pLDDT
TDRD3	nucleolus	scored	4346	MED	1	NO_pLDDT
TENT4B	nucleolus	scored	4158	MED	1	NO_pLDDT
TEX10	nucleolus	scored	4274	MED	1	NO_pLDDT
TEX2	nucleolus	scored	4025	MED	1	NO_pLDDT
TGS1	nucleolus	scored	4154	MED	1	NO_pLDDT
THUMPD3	nucleolus	scored	3428	OK	0	OK
TIAM2	nucleolus	scored	3696	OK	0	OK
TIFA	nucleolus	scored	3378	OK	0	OK
TNIP2	nucleolus	scored	4610	MED	1	NO_pLDDT
TOE1	nucleolus	scored	4575	MED	1	NO_pLDDT
TONSL	nucleolus	scored	4060	MED	1	NO_pLDDT
TRMT10A	nucleolus	scored	4202	MED	1	NO_pLDDT
TRMT1L	nucleolus	scored	4633	MED	1	NO_pLDDT
TSEN54	nucleolus	scored	4388	MED	1	NO_pLDDT
TSPAN6	nucleolus	scored	3377	OK	0	OK
TTC8	nucleolus	scored	4172	OK	0	OK
TXNL4B	nucleolus	scored	4031	MED	1	NO_pLDDT
URB1	nucleolus	scored	3973	MED	1	NO_pLDDT
VWA5A	nucleolus	scored	3418	OK	0	OK
WDR3	nucleolus	scored	4632	MED	1	NO_pLDDT
XRCC5	nucleolus	scored	2967	MED	1	NO_pLDDT
YPEL4	nucleolus	scored	4038	MED	1	NO_pLDDT
YWHAH	nucleolus	scored	3293	OK	0	OK
A1CF	nucleoplasm	scored	5793	MED	1	NO_PUBMED_COUNT
ACIN1	nucleoplasm	scored	11138	OK	0	OK
ACOT12	nucleoplasm	scored	3333	MED	1	NO_PDB
ADARB2	nucleoplasm	scored	3389	OK	0	OK
ADAT1	nucleoplasm	scored	5904	OK	0	OK
ADAT2	nucleoplasm	scored	7523	OK	0	OK
ADIRF	nucleoplasm	scored	6205	OK	0	OK
AFF3	nucleoplasm	scored	9648	OK	0	OK
AHDC1	nucleoplasm	scored	5376	MED	1	NO_PUBMED_COUNT
AK9	nucleoplasm	scored	3237	MED	1	NO_LITERATURE
AKAP8L	nucleoplasm	scored	5659	MED	1	NO_PUBMED_COUNT
ALKBH8	nucleoplasm	scored	7452	OK	0	OK
ALPK3	nucleoplasm	scored	4664	MED	1	NO_PUBMED_COUNT
ALX1	nucleoplasm	scored	7647	OK	0	OK
AMMECR1	nucleoplasm	scored	4157	OK	0	OK
ANAPC15	nucleoplasm	scored	4628	OK	0	OK
ANAPC16	nucleoplasm	scored	5223	OK	0	OK
ANHX	nucleoplasm	scored	6247	OK	0	OK
ANKRD22	nucleoplasm	scored	4535	MED	1	NO_PUBMED_COUNT
ANKRD31	nucleoplasm	scored	5494	OK	0	OK
ANKRD35	nucleoplasm	scored	4926	OK	0	OK
ANKRD42	nucleoplasm	scored	3743	MED	1	NO_LITERATURE
ANKRD49	nucleoplasm	scored	4879	OK	0	OK
ANKRD50	nucleoplasm	scored	4505	HIGH	2	NO_LITERATURE;NO_PAE_NOTE
ANKRD52	nucleoplasm	scored	4457	MED	1	NO_PUBMED_COUNT
ANKRD61	nucleoplasm	scored	3756	MED	1	NO_LITERATURE
ANKRD65	nucleoplasm	scored	3859	HIGH	2	NO_LITERATURE;NO_PAE_NOTE
ANKRD7	nucleoplasm	scored	1920	MED	1	NO_LITERATURE
ANP32B	nucleoplasm	scored	7671	OK	0	OK
ANP32D	nucleoplasm	scored	2970	OK	0	OK
ANP32E	nucleoplasm	scored	3419	OK	0	OK
AP3B2	nucleoplasm	scored	3413	OK	0	OK
API5	nucleoplasm	scored	4749	MED	1	NO_PUBMED_COUNT
APPBP2	nucleoplasm	scored	5791	OK	0	OK
AQR	nucleoplasm	scored	5807	MED	1	NO_PUBMED_COUNT
ARFGEF1	nucleoplasm	scored	3663	MED	1	NO_PDB
ARGFX	nucleoplasm	scored	4057	MED	1	NO_PUBMED_COUNT
ARID3B	nucleoplasm	scored	8741	OK	0	OK
ARID3C	nucleoplasm	scored	1447	HIGH	2	NO_PDB;NO_LITERATURE
ARID4B	nucleoplasm	scored	6038	MED	1	NO_PUBMED_COUNT
ARK2C	nucleoplasm	scored	3886	OK	0	OK
ARL2	nucleoplasm	scored	2995	MED	1	NO_pLDDT
ARL3	nucleoplasm	scored	2998	MED	1	NO_pLDDT
ARMCX3	nucleoplasm	scored	5190	OK	0	OK
ARPP19	nucleoplasm	scored	4845	MED	1	NO_PUBMED_COUNT
ARPP21	nucleoplasm	scored	4538	MED	1	NO_LITERATURE
ARRDC2	nucleoplasm	scored	4938	OK	0	OK
ASCC1	nucleoplasm	scored	3613	MED	1	NO_LITERATURE
ASCL4	nucleoplasm	scored	5115	MED	1	NO_PUBMED_COUNT
ASF1B	nucleoplasm	scored	2765	MED	1	NO_pLDDT
ATF7	nucleoplasm	scored	6829	OK	0	OK
ATF7IP	nucleoplasm	scored	9931	OK	0	OK
ATF7IP2	nucleoplasm	scored	5694	OK	0	OK
ATOSA	nucleoplasm	scored	1176	HIGH	2	NO_PDB;NO_LITERATURE
ATOSB	nucleoplasm	scored	1112	HIGH	2	NO_PDB;NO_LITERATURE
ATRNL1	nucleoplasm	scored	5078	OK	0	OK
ATXN1L	nucleoplasm	scored	10208	OK	0	OK
ATXN8	nucleoplasm	scored	1265	HIGH	2	NO_PDB;NO_LITERATURE
AURKAIP1	nucleoplasm	scored	4209	OK	0	OK
AZIN1	nucleoplasm	scored	8780	OK	0	OK
BANF2	nucleoplasm	scored	1248	HIGH	2	NO_PDB;NO_LITERATURE
BARHL1	nucleoplasm	scored	5087	OK	0	OK
BARHL2	nucleoplasm	scored	4661	OK	0	OK
BARX2	nucleoplasm	scored	4900	OK	0	OK
BBX	nucleoplasm	scored	3863	OK	0	OK
BCL7A	nucleoplasm	scored	5456	OK	0	OK
BCL7B	nucleoplasm	scored	5956	OK	0	OK
BDP1	nucleoplasm	scored	5445	OK	0	OK
BEND2	nucleoplasm	scored	4916	OK	0	OK
BEND6	nucleoplasm	scored	942	HIGH	2	NO_PDB;NO_LITERATURE
BHLHA15	nucleoplasm	scored	4736	OK	0	OK
BRF2	nucleoplasm	scored	5258	OK	0	OK
BRIP1	nucleoplasm	scored	2740	MED	1	NO_pLDDT
BRSK1	nucleoplasm	scored	3156	MED	1	NO_pLDDT
BRWD3	nucleoplasm	scored	5280	OK	0	OK
BSX	nucleoplasm	scored	4712	OK	0	OK
BTAF1	nucleoplasm	scored	6144	OK	0	OK
BTBD10	nucleoplasm	scored	2098	HIGH	2	NO_PDB;NO_LITERATURE
BTBD7	nucleoplasm	scored	5137	OK	0	OK
BTBD8	nucleoplasm	scored	955	HIGH	2	NO_PDB;NO_LITERATURE
BUD13	nucleoplasm	scored	5005	OK	0	OK
BUD31	nucleoplasm	scored	5416	OK	0	OK
C11orf21	nucleoplasm	scored	5654	OK	0	OK
C11orf71	nucleoplasm	scored	4774	OK	0	OK
C16orf46	nucleoplasm	scored	945	HIGH	2	NO_PDB;NO_LITERATURE
CADM4	nucleoplasm	scored	3405	OK	0	OK
CAMK1D	nucleoplasm	scored	2792	MED	1	NO_pLDDT
CAMTA2	nucleoplasm	scored	5772	OK	0	OK
CAPZB	nucleoplasm	scored	3517	OK	0	OK
CBFA2T2	nucleoplasm	scored	6717	OK	0	OK
CCAR1	nucleoplasm	scored	4306	MED	1	NO_pLDDT
CCDC137	nucleoplasm	scored	5221	OK	0	OK
CCDC174	nucleoplasm	scored	5122	OK	0	OK
CCDC82	nucleoplasm	scored	4172	OK	0	OK
CCDC85C	nucleoplasm	scored	5654	OK	0	OK
CCDC86	nucleoplasm	scored	5660	OK	0	OK
CCDC88A	nucleoplasm	scored	2077	MED	1	NO_LITERATURE
CCDC92	nucleoplasm	scored	5692	OK	0	OK
CD2BP2	nucleoplasm	scored	2728	MED	1	NO_pLDDT
CDAN1	nucleoplasm	scored	4887	OK	0	OK
CDC123	nucleoplasm	scored	3293	OK	0	OK
CDC14A	nucleoplasm	scored	5495	OK	0	OK
CDX4	nucleoplasm	scored	4171	MED	1	NO_pLDDT
CDY1B	nucleoplasm	scored	914	HIGH	2	NO_PDB;NO_LITERATURE
CDY2B	nucleoplasm	scored	808	HIGH	2	NO_PDB;NO_LITERATURE
CDYL2	nucleoplasm	scored	2657	MED	1	NO_pLDDT
CEBPG	nucleoplasm	scored	4307	MED	1	NO_pLDDT
CEBPZ	nucleoplasm	scored	6203	OK	0	OK
CECR2	nucleoplasm	scored	2880	MED	1	NO_pLDDT
CENPH	nucleoplasm	scored	5197	OK	0	OK
CENPI	nucleoplasm	scored	5405	OK	0	OK
CENPK	nucleoplasm	scored	5392	OK	0	OK
CENPM	nucleoplasm	scored	5246	OK	0	OK
CENPP	nucleoplasm	scored	5386	OK	0	OK
CENPT	nucleoplasm	scored	5100	OK	0	OK
CENPU	nucleoplasm	scored	5609	OK	0	OK
CENPX	nucleoplasm	scored	5145	OK	0	OK
CEP152	nucleoplasm	scored	3432	OK	0	OK
CEP19	nucleoplasm	scored	1826	HIGH	2	NO_PDB;NO_LITERATURE
CEP63	nucleoplasm	scored	1721	OK	0	OK
CEP68	nucleoplasm	scored	1564	HIGH	2	NO_PDB;NO_LITERATURE
CGRRF1	nucleoplasm	scored	4435	OK	0	OK
CHAF1B	nucleoplasm	scored	2870	MED	1	NO_pLDDT
CHCT1	nucleoplasm	scored	764	HIGH	2	NO_PDB;NO_LITERATURE
CHML	nucleoplasm	scored	4772	OK	0	OK
CHMP1A	nucleoplasm	scored	5312	OK	0	OK
CHP2	nucleoplasm	scored	4948	OK	0	OK
CILK1	nucleoplasm	scored	2951	MED	1	NO_pLDDT
CIPC	nucleoplasm	scored	4039	MED	1	NO_pLDDT
CITED1	nucleoplasm	scored	2596	MED	1	NO_pLDDT
CITED4	nucleoplasm	scored	2992	MED	1	NO_pLDDT
CLASP1	nucleoplasm	scored	5221	OK	0	OK
CLK1	nucleoplasm	scored	2739	MED	1	NO_pLDDT
CLK2	nucleoplasm	scored	2971	MED	1	NO_pLDDT
CLK3	nucleoplasm	scored	2946	MED	1	NO_pLDDT
CLK4	nucleoplasm	scored	2816	MED	1	NO_pLDDT
CLNS1A	nucleoplasm	scored	5504	OK	0	OK
CNTLN	nucleoplasm	scored	4060	OK	0	OK
COG5	nucleoplasm	scored	4650	OK	0	OK
COLGALT2	nucleoplasm	scored	3422	OK	0	OK
CPNE4	nucleoplasm	scored	3239	OK	0	OK
CREBL2	nucleoplasm	scored	6094	OK	0	OK
CREBRF	nucleoplasm	scored	7362	MED	1	NO_PUBMED_COUNT
CRIPT	nucleoplasm	scored	3468	OK	0	OK
CRTC3	nucleoplasm	scored	5168	OK	0	OK
CSNK2A2	nucleoplasm	scored	2859	MED	1	NO_pLDDT
CSNK2A3	nucleoplasm	scored	2104	HIGH	2	NO_PDB;NO_LITERATURE
CSNK2B	nucleoplasm	scored	2719	MED	1	NO_pLDDT
CSRNP1	nucleoplasm	scored	6211	OK	0	OK
CSRNP2	nucleoplasm	scored	5839	OK	0	OK
CSRNP3	nucleoplasm	scored	4566	OK	0	OK
CSRP1	nucleoplasm	scored	4089	MED	1	NO_pLDDT
CSRP2	nucleoplasm	scored	3992	MED	1	NO_pLDDT
CSRP3	nucleoplasm	scored	5504	OK	0	OK
CSTF1	nucleoplasm	scored	5113	OK	0	OK
CSTF2T	nucleoplasm	scored	3921	MED	1	NO_pLDDT
CSTF3	nucleoplasm	scored	5990	OK	0	OK
CTCFL	nucleoplasm	scored	2683	MED	1	NO_pLDDT
CTDP1	nucleoplasm	scored	2893	MED	1	NO_pLDDT
CTDSP2	nucleoplasm	scored	2634	MED	1	NO_pLDDT
CTDSPL	nucleoplasm	scored	2704	MED	1	NO_pLDDT
CTNNBL1	nucleoplasm	scored	4583	MED	1	NO_pLDDT
CUTC	nucleoplasm	scored	5042	OK	0	OK
CWC15	nucleoplasm	scored	6175	OK	0	OK
CWC27	nucleoplasm	scored	5911	OK	0	OK
CYB561A3	nucleoplasm	scored	5541	OK	0	OK
DACH2	nucleoplasm	scored	4296	OK	0	OK
DBR1	nucleoplasm	scored	4281	OK	0	OK
DBX1	nucleoplasm	scored	3963	OK	0	OK
DBX2	nucleoplasm	scored	3972	OK	0	OK
DCLK3	nucleoplasm	scored	2707	MED	1	NO_pLDDT
DDIT4L	nucleoplasm	scored	3322	OK	0	OK
DDX19B	nucleoplasm	scored	2840	MED	1	NO_pLDDT
DDX39A	nucleoplasm	scored	2896	MED	1	NO_pLDDT
DDX3Y	nucleoplasm	scored	2671	MED	1	NO_pLDDT
DENND2D	nucleoplasm	scored	3368	OK	0	OK
DEPDC1	nucleoplasm	scored	4501	OK	0	OK
DET1	nucleoplasm	scored	4274	OK	0	OK
DIP2C	nucleoplasm	scored	3248	OK	0	OK
DMBX1	nucleoplasm	scored	4052	OK	0	OK
DMRT3	nucleoplasm	scored	4437	OK	0	OK
DMRTA1	nucleoplasm	scored	4198	OK	0	OK
DMRTA2	nucleoplasm	scored	4181	OK	0	OK
DMRTB1	nucleoplasm	scored	4112	OK	0	OK
DMRTC2	nucleoplasm	scored	4057	OK	0	OK
DNTT	nucleoplasm	scored	4294	OK	0	OK
DNTTIP1	nucleoplasm	scored	4676	OK	0	OK
DOCK10	nucleoplasm	scored	3409	OK	0	OK
DONSON	nucleoplasm	scored	4139	OK	0	OK
DPRX	nucleoplasm	scored	4759	MED	1	NO_PUBMED_COUNT
DPY30	nucleoplasm	scored	4557	OK	0	OK
DRAP1	nucleoplasm	scored	4217	OK	0	OK
DRGX	nucleoplasm	scored	4267	OK	0	OK
DRICH1	nucleoplasm	scored	5465	OK	0	OK
DSCC1	nucleoplasm	scored	4498	OK	0	OK
DTX1	nucleoplasm	scored	2577	MED	1	NO_pLDDT
DTX3L	nucleoplasm	scored	2896	MED	1	NO_pLDDT
DUXA	nucleoplasm	scored	3849	OK	0	OK
DUXB	nucleoplasm	scored	3907	OK	0	OK
DXO	nucleoplasm	scored	4386	OK	0	OK
DYRK2	nucleoplasm	scored	2633	MED	1	NO_pLDDT
E4F1	nucleoplasm	scored	3479	OK	0	OK
EBF4	nucleoplasm	scored	4501	OK	0	OK
ECEL1	nucleoplasm	scored	3952	OK	0	OK
ECSIT	nucleoplasm	scored	6048	OK	0	OK
EDF1	nucleoplasm	scored	4358	OK	0	OK
EEF1AKMT4	nucleoplasm	scored	3704	OK	0	OK
EGLN2	nucleoplasm	scored	3381	OK	0	OK
ELF2	nucleoplasm	scored	4009	OK	0	OK
ELK4	nucleoplasm	scored	3482	OK	0	OK
ELL2	nucleoplasm	scored	4130	OK	0	OK
ELL3	nucleoplasm	scored	3881	OK	0	OK
ELOB	nucleoplasm	scored	4330	OK	0	OK
ELP1	nucleoplasm	scored	4104	OK	0	OK
ELP2	nucleoplasm	scored	3493	OK	0	OK
ELP3	nucleoplasm	scored	4302	OK	0	OK
EMC6	nucleoplasm	scored	3245	OK	0	OK
ENSA	nucleoplasm	scored	3631	OK	0	OK
EP400	nucleoplasm	scored	10402	MED	1	NO_pLDDT
EPB41L4A	nucleoplasm	scored	4223	OK	0	OK
ERCC6L	nucleoplasm	scored	4353	OK	0	OK
ESPL1	nucleoplasm	scored	3448	OK	0	OK
ETV7	nucleoplasm	scored	4246	OK	0	OK
EVX1	nucleoplasm	scored	3333	OK	0	OK
EVX2	nucleoplasm	scored	5752	OK	0	OK
FANCM	nucleoplasm	scored	3197	OK	0	OK
FBXL19	nucleoplasm	scored	4289	OK	0	OK
FBXL3	nucleoplasm	scored	6614	OK	0	OK
FBXL4	nucleoplasm	scored	4277	OK	0	OK
FBXL5	nucleoplasm	scored	4150	OK	0	OK
FBXO2	nucleoplasm	scored	3485	OK	0	OK
FBXO22	nucleoplasm	scored	3963	OK	0	OK
FBXO28	nucleoplasm	scored	4019	OK	0	OK
FBXO38	nucleoplasm	scored	5783	OK	0	OK
FBXO4	nucleoplasm	scored	3322	OK	0	OK
FBXO42	nucleoplasm	scored	4164	OK	0	OK
FBXW11	nucleoplasm	scored	3597	OK	0	OK
FERD3L	nucleoplasm	scored	4103	OK	0	OK
FGGY	nucleoplasm	scored	4385	OK	0	OK
FHL5	nucleoplasm	scored	3989	OK	0	OK
FIBP	nucleoplasm	scored	10142	OK	0	OK
FIGNL1	nucleoplasm	scored	6098	OK	0	OK
FMN1	nucleoplasm	scored	4504	OK	0	OK
FOXB1	nucleoplasm	scored	4509	OK	0	OK
FOXB2	nucleoplasm	scored	4306	OK	0	OK
FOXD4L5	nucleoplasm	scored	3753	OK	0	OK
FOXI2	nucleoplasm	scored	4301	OK	0	OK
FOXJ3	nucleoplasm	scored	5349	OK	0	OK
FOXK2	nucleoplasm	scored	4630	OK	0	OK
FOXN2	nucleoplasm	scored	3268	OK	0	OK
FOXN3	nucleoplasm	scored	4537	OK	0	OK
FOXN4	nucleoplasm	scored	4389	OK	0	OK
FOXO3B	nucleoplasm	scored	4135	OK	0	OK
FOXS1	nucleoplasm	scored	3419	OK	0	OK
FRK	nucleoplasm	scored	3424	OK	0	OK
FTSJ3	nucleoplasm	scored	4501	OK	0	OK
FUBP3	nucleoplasm	scored	4380	OK	0	OK
GABPB1	nucleoplasm	scored	5119	HIGH	2	NO_PDB;NO_LITERATURE
GABPB2	nucleoplasm	scored	4990	HIGH	2	NO_PDB;NO_LITERATURE
GALK2	nucleoplasm	scored	3427	MED	1	NO_PDB
GALNT7	nucleoplasm	scored	3523	MED	1	NO_PDB
GBP4	nucleoplasm	scored	5107	HIGH	2	NO_PDB;NO_LITERATURE
GEMIN4	nucleoplasm	scored	5931	MED	1	NO_PDB
GGPS1	nucleoplasm	scored	3548	MED	1	NO_PDB
GLIPR1	nucleoplasm	scored	5252	HIGH	2	NO_PDB;NO_LITERATURE
GMEB1	nucleoplasm	scored	5590	MED	1	NO_PDB
GNB5	nucleoplasm	scored	5454	HIGH	2	NO_PDB;NO_LITERATURE
GON4L	nucleoplasm	scored	5199	HIGH	2	NO_PDB;NO_LITERATURE
GPBP1L1	nucleoplasm	scored	7246	OK	0	OK
GPCPD1	nucleoplasm	scored	4902	HIGH	2	NO_PDB;NO_LITERATURE
GPRIN3	nucleoplasm	scored	5132	HIGH	2	NO_PDB;NO_LITERATURE
GRHL1	nucleoplasm	scored	5054	HIGH	2	NO_PDB;NO_LITERATURE
GRWD1	nucleoplasm	scored	5901	MED	1	NO_PDB
GSC2	nucleoplasm	scored	4870	HIGH	2	NO_PDB;NO_LITERATURE
GSE1	nucleoplasm	scored	4871	HIGH	2	NO_PDB;NO_LITERATURE
GSK3A	nucleoplasm	scored	3377	MED	1	NO_PDB
GSX1	nucleoplasm	scored	4980	HIGH	2	NO_PDB;NO_LITERATURE
GSX2	nucleoplasm	scored	4677	HIGH	2	NO_PDB;NO_LITERATURE
GTSE1	nucleoplasm	scored	3442	MED	1	NO_PDB
HASPIN	nucleoplasm	scored	3359	MED	1	NO_PDB
HAT1	nucleoplasm	scored	3493	MED	1	NO_PDB
HDGFL2	nucleoplasm	scored	3615	MED	1	NO_PDB
HDLBP	nucleoplasm	scored	8141	OK	0	OK
HELT	nucleoplasm	scored	3459	MED	1	NO_PDB
HEMGN	nucleoplasm	scored	3607	MED	1	NO_PDB
HES7	nucleoplasm	scored	3252	MED	1	NO_PDB
HEYL	nucleoplasm	scored	3452	MED	1	NO_PDB
HIF3A	nucleoplasm	scored	3564	MED	1	NO_PDB
HIPK1	nucleoplasm	scored	3542	MED	1	NO_PDB
HLX	nucleoplasm	scored	3421	MED	1	NO_PDB
HMBOX1	nucleoplasm	scored	3687	MED	1	NO_PDB
HMCES	nucleoplasm	scored	3578	MED	1	NO_PDB
HMG20A	nucleoplasm	scored	3498	MED	1	NO_PDB
HMG20B	nucleoplasm	scored	3680	MED	1	NO_PDB
HMGN3	nucleoplasm	scored	3425	OK	0	OK
HMGN5	nucleoplasm	scored	3397	OK	0	OK
HMGXB4	nucleoplasm	scored	3470	MED	1	NO_PDB
HMX1	nucleoplasm	scored	3121	MED	1	NO_PDB
HMX2	nucleoplasm	scored	3271	MED	1	NO_PDB
HNF4G	nucleoplasm	scored	3400	MED	1	NO_PDB
HOMEZ	nucleoplasm	scored	3389	MED	1	NO_PDB
HORMAD1	nucleoplasm	scored	3401	MED	1	NO_PDB
HS6ST1	nucleoplasm	scored	3423	MED	1	NO_PDB
HSF2BP	nucleoplasm	scored	3398	MED	1	NO_PDB
HSF3	nucleoplasm	scored	3109	OK	0	OK
HSF4	nucleoplasm	scored	3268	MED	1	NO_PDB
HSF5	nucleoplasm	scored	3435	MED	1	NO_PDB
HTATSF1	nucleoplasm	scored	3435	OK	0	OK
HUNK	nucleoplasm	scored	3204	OK	0	OK
HYPK	nucleoplasm	scored	3242	MED	1	NO_PDB
IAH1	nucleoplasm	scored	3421	OK	0	OK
IARS1	nucleoplasm	scored	3376	OK	0	OK
ICE1	nucleoplasm	scored	4602	OK	0	OK
ICE2	nucleoplasm	scored	4597	OK	0	OK
IFRD2	nucleoplasm	scored	4633	OK	0	OK
IFT140	nucleoplasm	scored	3383	OK	0	OK
INKA1	nucleoplasm	scored	3321	OK	0	OK
IPMK	nucleoplasm	scored	4530	OK	0	OK
IRX1	nucleoplasm	scored	4505	OK	0	OK
IRX2	nucleoplasm	scored	4475	OK	0	OK
IRX4	nucleoplasm	scored	4442	OK	0	OK
IRX5	nucleoplasm	scored	4459	OK	0	OK
IRX6	nucleoplasm	scored	4479	OK	0	OK
ISX	nucleoplasm	scored	4510	OK	0	OK
ITPKB	nucleoplasm	scored	3530	OK	0	OK
IVNS1ABP	nucleoplasm	scored	5143	OK	0	OK
IWS1	nucleoplasm	scored	4418	OK	0	OK
JADE2	nucleoplasm	scored	4708	OK	0	OK
KANSL2	nucleoplasm	scored	5082	MED	1	NO_PDB
KANSL3	nucleoplasm	scored	5296	MED	1	NO_PDB
KCTD1	nucleoplasm	scored	4977	MED	1	NO_PDB
KCTD13	nucleoplasm	scored	5034	MED	1	NO_PDB
KLHDC4	nucleoplasm	scored	5011	MED	1	NO_PDB
KLHDC8A	nucleoplasm	scored	4451	MED	1	NO_PDB
LBX2	nucleoplasm	scored	4314	MED	1	NO_PDB
LCOR	nucleoplasm	scored	5041	MED	1	NO_PDB
LDOC1	nucleoplasm	scored	4766	MED	1	NO_PDB
LENG8	nucleoplasm	scored	4779	MED	1	NO_PDB
LEUTX	nucleoplasm	scored	5754	MED	1	NO_PUBMED_COUNT
LHX5	nucleoplasm	scored	5157	MED	1	NO_PDB
LRR1	nucleoplasm	scored	4786	MED	1	NO_PDB
LRRC10	nucleoplasm	scored	4290	MED	1	NO_PDB
LRRC31	nucleoplasm	scored	4433	MED	1	NO_PDB
LSM8	nucleoplasm	scored	4396	MED	1	NO_PDB
MAB21L1	nucleoplasm	scored	5394	OK	0	OK
MAB21L4	nucleoplasm	scored	2972	MED	1	NO_PDB
MACROD1	nucleoplasm	scored	2606	MED	1	NO_pLDDT
MAEA	nucleoplasm	scored	3086	MED	1	NO_pLDDT
MAEL	nucleoplasm	scored	5386	OK	0	OK
MAF1	nucleoplasm	scored	5336	OK	0	OK
MAGEB16	nucleoplasm	scored	4847	OK	0	OK
MAMLD1	nucleoplasm	scored	4965	OK	0	OK
MAST4	nucleoplasm	scored	5469	OK	0	OK
MAU2	nucleoplasm	scored	5217	OK	0	OK
MBTD1	nucleoplasm	scored	5911	OK	0	OK
MCIDAS	nucleoplasm	scored	4931	OK	0	OK
MCMBP	nucleoplasm	scored	5093	OK	0	OK
MCRS1	nucleoplasm	scored	5317	OK	0	OK
MDFIC	nucleoplasm	scored	5402	OK	0	OK
MDP1	nucleoplasm	scored	5427	OK	0	OK
MEAF6	nucleoplasm	scored	5447	OK	0	OK
MEI4	nucleoplasm	scored	5083	OK	0	OK
MEIKIN	nucleoplasm	scored	5069	OK	0	OK
MEIOC	nucleoplasm	scored	6704	OK	0	OK
MEIS3	nucleoplasm	scored	4648	OK	0	OK
MEOX1	nucleoplasm	scored	5080	OK	0	OK
MEOX2	nucleoplasm	scored	4477	OK	0	OK
MEPCE	nucleoplasm	scored	5665	OK	0	OK
MESP2	nucleoplasm	scored	4305	OK	0	OK
METTL18	nucleoplasm	scored	5781	OK	0	OK
METTL4	nucleoplasm	scored	4438	OK	0	OK
METTL5	nucleoplasm	scored	4940	OK	0	OK
METTL6	nucleoplasm	scored	5644	OK	0	OK
MIER1	nucleoplasm	scored	6015	OK	0	OK
MIS12	nucleoplasm	scored	4949	OK	0	OK
MIS18BP1	nucleoplasm	scored	5536	OK	0	OK
MIX23	nucleoplasm	scored	6115	OK	0	OK
MKRN1	nucleoplasm	scored	5201	OK	0	OK
MKS1	nucleoplasm	scored	5128	OK	0	OK
MLF2	nucleoplasm	scored	5405	OK	0	OK
MLLT1	nucleoplasm	scored	5259	OK	0	OK
MLLT11	nucleoplasm	scored	5298	OK	0	OK
MLLT6	nucleoplasm	scored	5743	OK	0	OK
MNAT1	nucleoplasm	scored	5431	OK	0	OK
MND1	nucleoplasm	scored	5022	OK	0	OK
MORF4L1	nucleoplasm	scored	5657	OK	0	OK
MORF4L2	nucleoplasm	scored	5566	OK	0	OK
MPPED2	nucleoplasm	scored	5604	OK	0	OK
MROH1	nucleoplasm	scored	5288	OK	0	OK
MRTFB	nucleoplasm	scored	5152	OK	0	OK
MSGN1	nucleoplasm	scored	4509	OK	0	OK
MTA2	nucleoplasm	scored	2783	MED	1	NO_pLDDT
MTA3	nucleoplasm	scored	2744	MED	1	NO_pLDDT
MTBP	nucleoplasm	scored	5532	OK	0	OK
MTCP1	nucleoplasm	scored	3183	MED	1	NO_PDB
MTREX	nucleoplasm	scored	6041	OK	0	OK
MXD3	nucleoplasm	scored	6055	OK	0	OK
MXD4	nucleoplasm	scored	5373	OK	0	OK
MYCT1	nucleoplasm	scored	4888	OK	0	OK
MYEF2	nucleoplasm	scored	4885	OK	0	OK
MYPOP	nucleoplasm	scored	5453	OK	0	OK
MYSM1	nucleoplasm	scored	7555	OK	0	OK
NAA20	nucleoplasm	scored	4188	MED	1	NO_pLDDT
NAA35	nucleoplasm	scored	3471	OK	0	OK
NAA38	nucleoplasm	scored	4262	MED	1	NO_pLDDT
NAB1	nucleoplasm	scored	4515	MED	1	NO_pLDDT
NAGK	nucleoplasm	scored	3306	OK	0	OK
NAP1L5	nucleoplasm	scored	2787	MED	1	NO_pLDDT
NAPRT	nucleoplasm	scored	3441	OK	0	OK
NCAPD3	nucleoplasm	scored	2813	MED	1	NO_pLDDT
NCAPG2	nucleoplasm	scored	2685	MED	1	NO_pLDDT
NCOA5	nucleoplasm	scored	4385	MED	1	NO_pLDDT
NEK6	nucleoplasm	scored	3067	MED	1	NO_pLDDT
NELFA	nucleoplasm	scored	4523	MED	1	NO_pLDDT
NFKBID	nucleoplasm	scored	4474	MED	1	NO_pLDDT
NFRKB	nucleoplasm	scored	4727	MED	1	NO_pLDDT
NHLH2	nucleoplasm	scored	4510	MED	1	NO_pLDDT
NINL	nucleoplasm	scored	3446	OK	0	OK
NKAP	nucleoplasm	scored	4466	MED	1	NO_pLDDT
NKTR	nucleoplasm	scored	3337	OK	0	OK
NLK	nucleoplasm	scored	2839	MED	1	NO_pLDDT
NPAS1	nucleoplasm	scored	4764	MED	1	NO_pLDDT
NPAS3	nucleoplasm	scored	4537	MED	1	NO_pLDDT
NPDC1	nucleoplasm	scored	3329	OK	0	OK
NRDE2	nucleoplasm	scored	4419	MED	1	NO_pLDDT
NRSN2	nucleoplasm	scored	3354	OK	0	OK
NUB1	nucleoplasm	scored	4824	MED	1	NO_pLDDT
NUTF2	nucleoplasm	scored	5878	OK	0	OK
ODAM	nucleoplasm	scored	3443	OK	0	OK
OGFRL1	nucleoplasm	scored	3300	OK	0	OK
OLFM2	nucleoplasm	scored	3459	OK	0	OK
OLIG3	nucleoplasm	scored	4205	MED	1	NO_pLDDT
OPHN1	nucleoplasm	scored	3363	OK	0	OK
OSGIN1	nucleoplasm	scored	3390	OK	0	OK
P3H2	nucleoplasm	scored	3459	OK	0	OK
PAK5	nucleoplasm	scored	2807	MED	1	NO_pLDDT
PAXBP1	nucleoplasm	scored	4142	MED	1	NO_pLDDT
PCGF5	nucleoplasm	scored	2767	MED	1	NO_pLDDT
PCGF6	nucleoplasm	scored	2795	MED	1	NO_pLDDT
PCP4	nucleoplasm	scored	4183	MED	1	NO_pLDDT
PCYT2	nucleoplasm	scored	3338	OK	0	OK
PDIK1L	nucleoplasm	scored	2791	MED	1	NO_pLDDT
PDLIM5	nucleoplasm	scored	3461	OK	0	OK
PEF1	nucleoplasm	scored	3552	OK	0	OK
PHC3	nucleoplasm	scored	4451	MED	1	NO_pLDDT
PHF10	nucleoplasm	scored	2750	MED	1	NO_pLDDT
PHF12	nucleoplasm	scored	2806	MED	1	NO_pLDDT
PHF13	nucleoplasm	scored	2718	MED	1	NO_pLDDT
PHF19	nucleoplasm	scored	2782	MED	1	NO_pLDDT
PHF20	nucleoplasm	scored	2752	MED	1	NO_pLDDT
PHF20L1	nucleoplasm	scored	4556	MED	1	NO_pLDDT
PHF23	nucleoplasm	scored	2619	MED	1	NO_pLDDT
PHF7	nucleoplasm	scored	2616	MED	1	NO_pLDDT
PIANP	nucleoplasm	scored	3457	OK	0	OK
PIF1	nucleoplasm	scored	2752	MED	1	NO_pLDDT
PIWIL4	nucleoplasm	scored	2752	MED	1	NO_pLDDT
PKN2	nucleoplasm	scored	3117	MED	1	NO_pLDDT
PKNOX2	nucleoplasm	scored	4391	MED	1	NO_pLDDT
PLCXD2	nucleoplasm	scored	4002	MED	1	NO_pLDDT
PLD3	nucleoplasm	scored	3522	OK	0	OK
PLEKHA7	nucleoplasm	scored	3595	OK	0	OK
PNPO	nucleoplasm	scored	3196	OK	0	OK
POU6F1	nucleoplasm	scored	4438	MED	1	NO_pLDDT
PPIG	nucleoplasm	scored	4113	MED	1	NO_pLDDT
PPIL1	nucleoplasm	scored	4131	MED	1	NO_pLDDT
PPIL2	nucleoplasm	scored	4181	MED	1	NO_pLDDT
PPIL3	nucleoplasm	scored	6544	OK	0	OK
PPIL4	nucleoplasm	scored	4115	MED	1	NO_pLDDT
PPM1A	nucleoplasm	scored	2900	MED	1	NO_pLDDT
PPM1F	nucleoplasm	scored	4254	MED	1	NO_pLDDT
PPRC1	nucleoplasm	scored	4124	MED	1	NO_pLDDT
PPWD1	nucleoplasm	scored	4300	MED	1	NO_pLDDT
PRIM2	nucleoplasm	scored	3358	OK	0	OK
PRKAA2	nucleoplasm	scored	2787	MED	1	NO_pLDDT
PROB1	nucleoplasm	scored	3485	OK	0	OK
PROSER1	nucleoplasm	scored	5588	MED	1	NO_LITERATURE
PRR16	nucleoplasm	scored	3241	OK	0	OK
PRR3	nucleoplasm	scored	3379	OK	0	OK
PRUNE1	nucleoplasm	scored	2820	MED	1	NO_pLDDT
PTK6	nucleoplasm	scored	2839	MED	1	NO_pLDDT
PTPA	nucleoplasm	scored	2759	MED	1	NO_pLDDT
PUS7	nucleoplasm	scored	4046	MED	1	NO_pLDDT
PUS7L	nucleoplasm	scored	4053	MED	1	NO_pLDDT
PWWP2A	nucleoplasm	scored	4081	MED	1	NO_pLDDT
PYGO2	nucleoplasm	scored	4390	MED	1	NO_pLDDT
RASGEF1B	nucleoplasm	scored	3471	OK	0	OK
RCAN2	nucleoplasm	scored	4260	MED	1	NO_pLDDT
RCAN3	nucleoplasm	scored	3942	MED	1	NO_pLDDT
RDH8	nucleoplasm	scored	3348	OK	0	OK
RECQL	nucleoplasm	scored	2831	MED	1	NO_pLDDT
RECQL4	nucleoplasm	scored	2559	MED	1	NO_pLDDT
RECQL5	nucleoplasm	scored	2883	MED	1	NO_pLDDT
REV3L	nucleoplasm	scored	2653	MED	1	NO_pLDDT
RHOBTB1	nucleoplasm	scored	3274	OK	0	OK
RHOXF1	nucleoplasm	scored	4256	MED	1	NO_pLDDT
RHOXF2	nucleoplasm	scored	4468	MED	1	NO_pLDDT
RHOXF2B	nucleoplasm	scored	3695	MED	1	NO_pLDDT
RLIM	nucleoplasm	scored	2613	MED	1	NO_pLDDT
ROM1	nucleoplasm	scored	3376	OK	0	OK
RPUSD1	nucleoplasm	scored	3535	OK	0	OK
RPUSD2	nucleoplasm	scored	3407	OK	0	OK
RPUSD4	nucleoplasm	scored	3928	MED	1	NO_pLDDT
RRM2B	nucleoplasm	scored	2679	MED	1	NO_pLDDT
RYK	nucleoplasm	scored	2488	MED	1	NO_pLDDT
SAE1	nucleoplasm	scored	2699	MED	1	NO_pLDDT
SCAND1	nucleoplasm	scored	4139	MED	1	NO_pLDDT
SCMH1	nucleoplasm	scored	4592	MED	1	NO_pLDDT
SCOC	nucleoplasm	scored	3519	OK	0	OK
SENP2	nucleoplasm	scored	2998	MED	1	NO_pLDDT
SENP6	nucleoplasm	scored	2851	MED	1	NO_pLDDT
SHPRH	nucleoplasm	scored	4395	MED	1	NO_pLDDT
SIK1	nucleoplasm	scored	2750	MED	1	NO_pLDDT
SINHCAF	nucleoplasm	scored	2822	MED	1	NO_pLDDT
SMAP2	nucleoplasm	scored	3438	OK	0	OK
SMYD2	nucleoplasm	scored	2878	MED	1	NO_pLDDT
SMYD5	nucleoplasm	scored	3362	OK	0	OK
SNCAIP	nucleoplasm	scored	3299	OK	0	OK
SNRK	nucleoplasm	scored	4187	MED	1	NO_pLDDT
SNURF	nucleoplasm	scored	3907	MED	1	NO_pLDDT
SOX12	nucleoplasm	scored	4267	MED	1	NO_pLDDT
SOX14	nucleoplasm	scored	4045	MED	1	NO_pLDDT
SOX15	nucleoplasm	scored	4658	MED	1	NO_pLDDT
SP140L	nucleoplasm	scored	4408	MED	1	NO_pLDDT
SPSB4	nucleoplasm	scored	3545	OK	0	OK
SSU72	nucleoplasm	scored	2671	MED	1	NO_pLDDT
SUDS3	nucleoplasm	scored	3960	MED	1	NO_pLDDT
SUPT5H	nucleoplasm	scored	4325	MED	1	NO_pLDDT
SWI5	nucleoplasm	scored	2706	MED	1	NO_pLDDT
SYN2	nucleoplasm	scored	3253	OK	0	OK
SYNPR	nucleoplasm	scored	3385	OK	0	OK
SYT17	nucleoplasm	scored	3402	OK	0	OK
SYVN1	nucleoplasm	scored	3486	OK	0	OK
TADA2B	nucleoplasm	scored	4473	MED	1	NO_pLDDT
TADA3	nucleoplasm	scored	4113	MED	1	NO_pLDDT
TAPT1	nucleoplasm	scored	3597	OK	0	OK
TBC1D8	nucleoplasm	scored	3376	OK	0	OK
TBL1X	nucleoplasm	scored	4572	MED	1	NO_pLDDT
TBPL1	nucleoplasm	scored	2860	MED	1	NO_pLDDT
TBX10	nucleoplasm	scored	4184	MED	1	NO_pLDDT
TCF23	nucleoplasm	scored	4028	MED	1	NO_pLDDT
TCF25	nucleoplasm	scored	3015	MED	1	NO_pLDDT
TDRD9	nucleoplasm	scored	2774	MED	1	NO_pLDDT
TEAD3	nucleoplasm	scored	4194	MED	1	NO_pLDDT
TENT2	nucleoplasm	scored	3777	MED	1	NO_pLDDT
TFAP2E	nucleoplasm	scored	3992	MED	1	NO_pLDDT
THAP10	nucleoplasm	scored	3396	OK	0	OK
THAP8	nucleoplasm	scored	2426	MED	1	NO_LITERATURE
THRAP3	nucleoplasm	scored	3961	MED	1	NO_pLDDT
THYN1	nucleoplasm	scored	4008	MED	1	NO_pLDDT
TIPARP	nucleoplasm	scored	2718	MED	1	NO_pLDDT
TLE2	nucleoplasm	scored	4307	MED	1	NO_pLDDT
TLK1	nucleoplasm	scored	2716	MED	1	NO_pLDDT
TLK2	nucleoplasm	scored	2957	MED	1	NO_pLDDT
TLNRD1	nucleoplasm	scored	6128	MED	1	NO_LITERATURE
TLX2	nucleoplasm	scored	4314	MED	1	NO_pLDDT
TMA16	nucleoplasm	scored	3822	MED	1	NO_pLDDT
TMC5	nucleoplasm	scored	3302	OK	0	OK
TNNC1	nucleoplasm	scored	3123	OK	0	OK
TNRC6A	nucleoplasm	scored	3327	OK	0	OK
TNRC6C	nucleoplasm	scored	3262	OK	0	OK
TOPORS	nucleoplasm	scored	2749	MED	1	NO_pLDDT
TOX2	nucleoplasm	scored	4131	MED	1	NO_pLDDT
TPRX1	nucleoplasm	scored	5185	MED	1	NO_PUBMED_COUNT
TRAF7	nucleoplasm	scored	2818	MED	1	NO_pLDDT
TRANK1	nucleoplasm	scored	6142	MED	1	NO_LITERATURE
TRIM11	nucleoplasm	scored	2679	MED	1	NO_pLDDT
TRIM15	nucleoplasm	scored	2874	MED	1	NO_pLDDT
TRIM47	nucleoplasm	scored	2916	MED	1	NO_pLDDT
TRIM55	nucleoplasm	scored	2798	MED	1	NO_pLDDT
TRIM66	nucleoplasm	scored	2560	MED	1	NO_pLDDT
TRIP12	nucleoplasm	scored	2740	MED	1	NO_pLDDT
TSR2	nucleoplasm	scored	3797	MED	1	NO_pLDDT
TTC14	nucleoplasm	scored	3535	OK	0	OK
TTC3	nucleoplasm	scored	2892	MED	1	NO_pLDDT
TXNL4A	nucleoplasm	scored	3973	MED	1	NO_pLDDT
TYW1	nucleoplasm	scored	6261	OK	0	OK
TYW2	nucleoplasm	scored	3323	OK	0	OK
UCK2	nucleoplasm	scored	3243	OK	0	OK
UFD1	nucleoplasm	scored	2733	MED	1	NO_pLDDT
UFM1	nucleoplasm	scored	2635	MED	1	NO_pLDDT
UHMK1	nucleoplasm	scored	2684	MED	1	NO_pLDDT
UPP1	nucleoplasm	scored	3223	OK	0	OK
USB1	nucleoplasm	scored	3668	MED	1	NO_pLDDT
USF3	nucleoplasm	scored	4101	MED	1	NO_pLDDT
VAX1	nucleoplasm	scored	4470	MED	1	NO_pLDDT
VENTX	nucleoplasm	scored	4178	MED	1	NO_pLDDT
VGLL2	nucleoplasm	scored	3705	MED	1	NO_pLDDT
VRK1	nucleoplasm	scored	2817	MED	1	NO_pLDDT
VRTN	nucleoplasm	scored	3934	MED	1	NO_pLDDT
VTA1	nucleoplasm	scored	3216	OK	0	OK
WBP4	nucleoplasm	scored	4311	MED	1	NO_pLDDT
WDFY4	nucleoplasm	scored	3439	OK	0	OK
WDR5B	nucleoplasm	scored	3927	MED	1	NO_pLDDT
WDR76	nucleoplasm	scored	4154	MED	1	NO_pLDDT
WRNIP1	nucleoplasm	scored	2773	MED	1	NO_pLDDT
XRCC3	nucleoplasm	scored	2853	MED	1	NO_pLDDT
YEATS2	nucleoplasm	scored	4143	MED	1	NO_pLDDT
YEATS4	nucleoplasm	scored	4155	MED	1	NO_pLDDT
YWHAE	nucleoplasm	scored	2971	MED	1	NO_pLDDT
ACBD6	nucleus-cytoplasm	scored	3265	OK	0	OK
AKIRIN2	nucleus-cytoplasm	scored	8211	OK	0	OK
ANKLE1	nucleus-cytoplasm	scored	7082	OK	0	OK
ANKRD16	nucleus-cytoplasm	scored	3661	MED	1	NO_PAE_NOTE
ANKRD33	nucleus-cytoplasm	scored	3793	MED	1	NO_PAE_NOTE
AP5S1	nucleus-cytoplasm	scored	3421	OK	0	OK
ARB2A	nucleus-cytoplasm	scored	1270	HIGH	2	NO_PDB;NO_LITERATURE
ARVCF	nucleus-cytoplasm	scored	7074	OK	0	OK
ASB1	nucleus-cytoplasm	scored	4711	MED	1	NO_LITERATURE
ASB10	nucleus-cytoplasm	scored	4049	MED	1	NO_PAE_NOTE
ASB2	nucleus-cytoplasm	scored	4417	OK	0	OK
ASCC3	nucleus-cytoplasm	scored	7111	OK	0	OK
ATF6B	nucleus-cytoplasm	scored	6381	OK	0	OK
BANK1	nucleus-cytoplasm	scored	5034	OK	0	OK
BCCIP	nucleus-cytoplasm	scored	5189	OK	0	OK
BEX1	nucleus-cytoplasm	scored	5102	OK	0	OK
BEX2	nucleus-cytoplasm	scored	5402	OK	0	OK
BHLHA9	nucleus-cytoplasm	scored	5634	OK	0	OK
BIVM	nucleus-cytoplasm	scored	1112	HIGH	2	NO_PDB;NO_LITERATURE
BKGD	nucleus-cytoplasm	scored	5171	OK	0	OK
BLZF1	nucleus-cytoplasm	scored	1328	HIGH	2	NO_PDB;NO_LITERATURE
BOLA2B	nucleus-cytoplasm	scored	1148	HIGH	2	NO_PDB;NO_LITERATURE
BRAT1	nucleus-cytoplasm	scored	5273	OK	0	OK
BRWD1	nucleus-cytoplasm	scored	5478	OK	0	OK
BTF3	nucleus-cytoplasm	scored	5620	OK	0	OK
BUD23	nucleus-cytoplasm	scored	7370	OK	0	OK
BYSL	nucleus-cytoplasm	scored	5661	OK	0	OK
C11orf96	nucleus-cytoplasm	scored	5179	OK	0	OK
C15orf39	nucleus-cytoplasm	scored	2513	MED	1	NO_PDB
C2CD2	nucleus-cytoplasm	scored	820	HIGH	2	NO_PDB;NO_LITERATURE
CABLES1	nucleus-cytoplasm	scored	1870	HIGH	2	NO_PDB;NO_LITERATURE
CABYR	nucleus-cytoplasm	scored	1863	HIGH	2	NO_PDB;NO_LITERATURE
CALML6	nucleus-cytoplasm	scored	1856	HIGH	2	NO_PDB;NO_LITERATURE
CAMK1	nucleus-cytoplasm	scored	4242	OK	0	OK
CARNMT1	nucleus-cytoplasm	scored	5203	OK	0	OK
CASC3	nucleus-cytoplasm	scored	5256	OK	0	OK
CCAR1	nucleus-cytoplasm	scored	5228	OK	0	OK
CCDC62	nucleus-cytoplasm	scored	1755	HIGH	2	NO_PDB;NO_LITERATURE
CDAN1	nucleus-cytoplasm	scored	4201	MED	1	NO_pLDDT
CDC14A	nucleus-cytoplasm	scored	4482	MED	1	NO_pLDDT
CDIN1	nucleus-cytoplasm	scored	3645	OK	0	OK
CDIP1	nucleus-cytoplasm	scored	4433	OK	0	OK
CDX4	nucleus-cytoplasm	scored	5190	OK	0	OK
CEBPG	nucleus-cytoplasm	scored	5898	OK	0	OK
CEP162	nucleus-cytoplasm	scored	8911	OK	0	OK
CEP164	nucleus-cytoplasm	scored	9170	OK	0	OK
CHMP1A	nucleus-cytoplasm	scored	4250	MED	1	NO_pLDDT
CHP2	nucleus-cytoplasm	scored	4239	MED	1	NO_pLDDT
CIPC	nucleus-cytoplasm	scored	4755	OK	0	OK
CLIC2	nucleus-cytoplasm	scored	877	MED	1	NO_LITERATURE
CLNS1A	nucleus-cytoplasm	scored	4388	MED	1	NO_pLDDT
COMMD10	nucleus-cytoplasm	scored	5979	OK	0	OK
COMMD3	nucleus-cytoplasm	scored	5314	OK	0	OK
CRTC3	nucleus-cytoplasm	scored	4370	MED	1	NO_pLDDT
CSNK2A2IP	nucleus-cytoplasm	scored	2669	MED	1	NO_LITERATURE
CSRP1	nucleus-cytoplasm	scored	6014	OK	0	OK
CSRP2	nucleus-cytoplasm	scored	5221	OK	0	OK
CSRP3	nucleus-cytoplasm	scored	4338	MED	1	NO_pLDDT
CSTF2T	nucleus-cytoplasm	scored	5402	OK	0	OK
CTNNBL1	nucleus-cytoplasm	scored	5539	OK	0	OK
CUTC	nucleus-cytoplasm	scored	4123	MED	1	NO_pLDDT
CYREN	nucleus-cytoplasm	scored	5828	OK	0	OK
DAZ2	nucleus-cytoplasm	scored	4229	OK	0	OK
DAZAP1	nucleus-cytoplasm	scored	4573	OK	0	OK
DEF6	nucleus-cytoplasm	scored	4652	OK	0	OK
DIDO1	nucleus-cytoplasm	scored	4728	OK	0	OK
DMAP1	nucleus-cytoplasm	scored	4645	OK	0	OK
DNPH1	nucleus-cytoplasm	scored	8884	OK	0	OK
DPH1	nucleus-cytoplasm	scored	4428	OK	0	OK
DRG2	nucleus-cytoplasm	scored	4628	OK	0	OK
DTX2	nucleus-cytoplasm	scored	4749	OK	0	OK
DUS1L	nucleus-cytoplasm	scored	4212	OK	0	OK
HEBP1	nucleus-cytoplasm	scored	4365	OK	0	OK
HECTD1	nucleus-cytoplasm	scored	6196	OK	0	OK
HEPACAM2	nucleus-cytoplasm	scored	4726	OK	0	OK
HES4	nucleus-cytoplasm	scored	5614	OK	0	OK
HIF1AN	nucleus-cytoplasm	scored	6460	OK	0	OK
IER2	nucleus-cytoplasm	scored	4425	OK	0	OK
IER5	nucleus-cytoplasm	scored	4327	OK	0	OK
IFI35	nucleus-cytoplasm	scored	4796	OK	0	OK
KCTD5	nucleus-cytoplasm	scored	4573	MED	1	NO_PDB
KPNA4	nucleus-cytoplasm	scored	6406	MED	1	NO_PDB
KTI12	nucleus-cytoplasm	scored	5787	MED	1	NO_PDB
LACC1	nucleus-cytoplasm	scored	4636	MED	1	NO_PDB
LETMD1	nucleus-cytoplasm	scored	5414	MED	1	NO_PDB
MASTL	nucleus-cytoplasm	scored	4587	OK	0	OK
METTL16	nucleus-cytoplasm	scored	4783	OK	0	OK
MKNK2	nucleus-cytoplasm	scored	5094	OK	0	OK
MKRN2	nucleus-cytoplasm	scored	4801	OK	0	OK
MLF1	nucleus-cytoplasm	scored	4648	OK	0	OK
MOV10	nucleus-cytoplasm	scored	4657	OK	0	OK
NAA50	nucleus-cytoplasm	scored	4439	MED	1	NO_pLDDT
NACC1	nucleus-cytoplasm	scored	4580	MED	1	NO_pLDDT
NACC2	nucleus-cytoplasm	scored	4692	MED	1	NO_pLDDT
NCOA7	nucleus-cytoplasm	scored	4536	MED	1	NO_pLDDT
NEUROD4	nucleus-cytoplasm	scored	4672	MED	1	NO_pLDDT
NFE2L3	nucleus-cytoplasm	scored	4670	MED	1	NO_pLDDT
NFKBIB	nucleus-cytoplasm	scored	4543	MED	1	NO_pLDDT
NKAPL	nucleus-cytoplasm	scored	4286	MED	1	NO_pLDDT
NPEPL1	nucleus-cytoplasm	scored	4825	MED	1	NO_PAE_NOTE
NPHP4	nucleus-cytoplasm	scored	4622	MED	1	NO_pLDDT
NPLOC4	nucleus-cytoplasm	scored	4691	MED	1	NO_pLDDT
NSL1	nucleus-cytoplasm	scored	4355	MED	1	NO_pLDDT
NUDC	nucleus-cytoplasm	scored	4477	MED	1	NO_pLDDT
NUFIP2	nucleus-cytoplasm	scored	4271	MED	1	NO_pLDDT
NYNRIN	nucleus-cytoplasm	scored	4727	MED	1	NO_pLDDT
OGFOD1	nucleus-cytoplasm	scored	4707	MED	1	NO_pLDDT
ONECUT3	nucleus-cytoplasm	scored	4668	MED	1	NO_pLDDT
OSGEP	nucleus-cytoplasm	scored	4674	MED	1	NO_pLDDT
OTUD3	nucleus-cytoplasm	scored	4385	MED	1	NO_pLDDT
OTUD4	nucleus-cytoplasm	scored	4957	MED	1	NO_pLDDT
PADI6	nucleus-cytoplasm	scored	4551	MED	1	NO_pLDDT
PAN2	nucleus-cytoplasm	scored	4649	MED	1	NO_pLDDT
PAN3	nucleus-cytoplasm	scored	4632	MED	1	NO_pLDDT
PBX4	nucleus-cytoplasm	scored	4936	MED	1	NO_pLDDT
PCBP3	nucleus-cytoplasm	scored	4828	MED	1	NO_pLDDT
PDS5B	nucleus-cytoplasm	scored	4730	MED	1	NO_pLDDT
PFN3	nucleus-cytoplasm	scored	3975	MED	1	NO_pLDDT
PKIG	nucleus-cytoplasm	scored	1943	HIGH	2	NO_PDB;NO_LITERATURE
PLCB3	nucleus-cytoplasm	scored	4606	MED	1	NO_pLDDT
PLD4	nucleus-cytoplasm	scored	4056	MED	1	NO_pLDDT
POU5F1B	nucleus-cytoplasm	scored	4451	MED	1	NO_pLDDT
PPM1G	nucleus-cytoplasm	scored	4698	MED	1	NO_pLDDT
PRDM11	nucleus-cytoplasm	scored	4030	MED	1	NO_pLDDT
PREPL	nucleus-cytoplasm	scored	4573	MED	1	NO_pLDDT
PUS10	nucleus-cytoplasm	scored	4374	MED	1	NO_pLDDT
PUS3	nucleus-cytoplasm	scored	4102	MED	1	NO_pLDDT
PYGO1	nucleus-cytoplasm	scored	5013	MED	1	NO_pLDDT
RARS1	nucleus-cytoplasm	scored	4893	MED	1	NO_pLDDT
RBP7	nucleus-cytoplasm	scored	4497	MED	1	NO_pLDDT
REXO2	nucleus-cytoplasm	scored	4425	MED	1	NO_pLDDT
RIPPLY1	nucleus-cytoplasm	scored	4294	MED	1	NO_pLDDT
RTCB	nucleus-cytoplasm	scored	4636	MED	1	NO_pLDDT
S100PBP	nucleus-cytoplasm	scored	4022	MED	1	NO_pLDDT
SAFB2	nucleus-cytoplasm	scored	4600	MED	1	NO_pLDDT
SAMD7	nucleus-cytoplasm	scored	4584	MED	1	NO_pLDDT
SAPCD2	nucleus-cytoplasm	scored	4644	MED	1	NO_pLDDT
SDE2	nucleus-cytoplasm	scored	4344	MED	1	NO_pLDDT
SEBOX	nucleus-cytoplasm	scored	3941	MED	1	NO_pLDDT
SESN3	nucleus-cytoplasm	scored	3907	MED	1	NO_pLDDT
SFMBT1	nucleus-cytoplasm	scored	5120	MED	1	NO_pLDDT
SFMBT2	nucleus-cytoplasm	scored	5084	MED	1	NO_pLDDT
SFR1	nucleus-cytoplasm	scored	4354	MED	1	NO_pLDDT
SIPA1L2	nucleus-cytoplasm	scored	4650	MED	1	NO_pLDDT
SKOR2	nucleus-cytoplasm	scored	3802	MED	1	NO_pLDDT
SLF1	nucleus-cytoplasm	scored	4929	MED	1	NO_pLDDT
SMYD4	nucleus-cytoplasm	scored	4781	OK	0	OK
SNIP1	nucleus-cytoplasm	scored	4888	MED	1	NO_pLDDT
SNUPN	nucleus-cytoplasm	scored	5122	MED	1	NO_pLDDT
SNW1	nucleus-cytoplasm	scored	4624	MED	1	NO_pLDDT
SOHLH1	nucleus-cytoplasm	scored	4816	MED	1	NO_pLDDT
SOX30	nucleus-cytoplasm	scored	4536	MED	1	NO_pLDDT
SPECC1	nucleus-cytoplasm	scored	4543	MED	1	NO_pLDDT
SRFBP1	nucleus-cytoplasm	scored	4220	MED	1	NO_pLDDT
STOX2	nucleus-cytoplasm	scored	4060	MED	1	NO_pLDDT
SUGT1	nucleus-cytoplasm	scored	4665	MED	1	NO_pLDDT
SUPT4H1	nucleus-cytoplasm	scored	4737	MED	1	NO_pLDDT
SYMPK	nucleus-cytoplasm	scored	4726	MED	1	NO_pLDDT
TACC1	nucleus-cytoplasm	scored	4413	MED	1	NO_pLDDT
TASL	nucleus-cytoplasm	scored	4020	MED	1	NO_pLDDT
TCERG1	nucleus-cytoplasm	scored	4749	MED	1	NO_pLDDT
TCF19	nucleus-cytoplasm	scored	4913	MED	1	NO_pLDDT
TCF20	nucleus-cytoplasm	scored	4347	MED	1	NO_pLDDT
TCFL5	nucleus-cytoplasm	scored	4262	MED	1	NO_pLDDT
TENT4A	nucleus-cytoplasm	scored	4183	MED	1	NO_pLDDT
TENT5C	nucleus-cytoplasm	scored	4609	MED	1	NO_pLDDT
TFDP2	nucleus-cytoplasm	scored	4651	MED	1	NO_pLDDT
TFIP11	nucleus-cytoplasm	scored	4972	MED	1	NO_pLDDT
TFPT	nucleus-cytoplasm	scored	4966	MED	1	NO_pLDDT
TGIF2LX	nucleus-cytoplasm	scored	4502	MED	1	NO_pLDDT
THAP5	nucleus-cytoplasm	scored	4165	MED	1	NO_pLDDT
THEMIS2	nucleus-cytoplasm	scored	4001	MED	1	NO_pLDDT
THUMPD2	nucleus-cytoplasm	scored	4357	MED	1	NO_pLDDT
TICRR	nucleus-cytoplasm	scored	4123	MED	1	NO_pLDDT
TIPIN	nucleus-cytoplasm	scored	4486	MED	1	NO_pLDDT
TLE6	nucleus-cytoplasm	scored	4795	MED	1	NO_pLDDT
TMF1	nucleus-cytoplasm	scored	4549	MED	1	NO_pLDDT
TRA2A	nucleus-cytoplasm	scored	4567	MED	1	NO_pLDDT
TRMT1	nucleus-cytoplasm	scored	4496	MED	1	NO_pLDDT
TRMT112	nucleus-cytoplasm	scored	4768	MED	1	NO_pLDDT
TRNAU1AP	nucleus-cytoplasm	scored	4632	MED	1	NO_pLDDT
TRUB1	nucleus-cytoplasm	scored	4177	MED	1	NO_pLDDT
TSC22D4	nucleus-cytoplasm	scored	4573	MED	1	NO_pLDDT
TSPYL2	nucleus-cytoplasm	scored	4395	MED	1	NO_pLDDT
TTC4	nucleus-cytoplasm	scored	4659	MED	1	NO_pLDDT
TTI2	nucleus-cytoplasm	scored	4161	MED	1	NO_pLDDT
UNC45A	nucleus-cytoplasm	scored	5174	MED	1	NO_pLDDT
UNCX	nucleus-cytoplasm	scored	4277	MED	1	NO_pLDDT
VAX2	nucleus-cytoplasm	scored	4827	MED	1	NO_pLDDT
VGLL1	nucleus-cytoplasm	scored	4535	MED	1	NO_pLDDT
VPS72	nucleus-cytoplasm	scored	4786	MED	1	NO_pLDDT
VXN	nucleus-cytoplasm	scored	4263	MED	1	NO_pLDDT
WDR26	nucleus-cytoplasm	scored	4866	MED	1	NO_pLDDT
YBEY	nucleus-cytoplasm	scored	4224	MED	1	NO_pLDDT
YOD1	nucleus-cytoplasm	scored	4883	MED	1	NO_pLDDT
AAAS	rejected	rejected	274	OK	0	OK
AARS1	rejected	rejected	1921	OK	0	OK
AASS	rejected	rejected	273	OK	0	OK
AATF	rejected	rejected	6748	MED	1	REJ_WITH_NUKE_HPA
ABI1	rejected	rejected	1993	MED	1	REJ_NO_CLEAR_REASON
ABI2	rejected	rejected	6618	MED	1	REJ_NO_CLEAR_REASON
ABLIM2	rejected	rejected	1437	MED	1	REJ_WITH_NUKE_HPA
ABR	rejected	rejected	272	OK	0	OK
ABRACL	rejected	rejected	2584	OK	0	OK
ACACA	rejected	rejected	276	OK	0	OK
ACADS	rejected	rejected	762	OK	0	OK
ACAP3	rejected	rejected	385	OK	0	OK
ACAT2	rejected	rejected	5038	MED	1	REJ_NO_CLEAR_REASON
ACOX1	rejected	rejected	656	OK	0	OK
ACP1	rejected	rejected	273	OK	0	OK
ACYP1	rejected	rejected	1819	OK	0	OK
ACYP2	rejected	rejected	2102	OK	0	OK
ADARB1	rejected	rejected	7089	OK	0	OK
ADD1	rejected	rejected	273	OK	0	OK
ADIG	rejected	rejected	3596	OK	0	OK
ADK	rejected	rejected	271	OK	0	OK
ADNP	rejected	rejected	6918	MED	1	REJ_NO_CLEAR_REASON
ADPRH	rejected	rejected	4229	MED	1	REJ_WITH_NUKE_HPA
ADRA1A	rejected	rejected	277	OK	0	OK
AEBP1	rejected	rejected	6015	OK	0	OK
AEN	rejected	rejected	271	OK	0	OK
AFDN	rejected	rejected	274	OK	0	OK
AFF1	rejected	rejected	6586	HIGH	2	REJ_WITH_NUKE_HPA;REJ_NO_CLEAR_REASON
AFF2	rejected	rejected	274	OK	0	OK
AGL	rejected	rejected	272	OK	0	OK
AHCY	rejected	rejected	273	OK	0	OK
AHRR	rejected	rejected	273	OK	0	OK
AICDA	rejected	rejected	276	OK	0	OK
AIM2	rejected	rejected	274	OK	0	OK
AIMP2	rejected	rejected	275	OK	0	OK
AIPL1	rejected	rejected	4873	MED	1	REJ_WITH_NUKE_HPA
AJUBA	rejected	rejected	275	OK	0	OK
AK6	rejected	rejected	1073	OK	0	OK
AKT2	rejected	rejected	887	OK	0	OK
AKT3	rejected	rejected	887	OK	0	OK
ALG1L2	rejected	rejected	3728	MED	1	REJ_WITH_NUKE_HPA
ALMS1	rejected	rejected	276	OK	0	OK
ALOX5	rejected	rejected	276	OK	0	OK
ALOX5AP	rejected	rejected	279	OK	0	OK
ALX4	rejected	rejected	273	OK	0	OK
ALYREF	rejected	rejected	277	OK	0	OK
AMD1	rejected	rejected	273	OK	0	OK
AMHR2	rejected	rejected	275	OK	0	OK
AMMECR1L	rejected	rejected	4064	MED	1	REJ_WITH_NUKE_HPA
AMZ2	rejected	rejected	552	OK	0	OK
ANKAR	rejected	rejected	3777	MED	1	REJ_WITH_NUKE_HPA
ANKDD1A	rejected	rejected	3549	MED	1	REJ_WITH_NUKE_HPA
ANKRD1	rejected	rejected	277	OK	0	OK
ANKRD11	rejected	rejected	5472	MED	1	REJ_WITH_NUKE_HPA
ANKRD20A1	rejected	rejected	2403	MED	1	REJ_WITH_NUKE_HPA
ANKRD29	rejected	rejected	3039	MED	1	REJ_WITH_NUKE_HPA
ANKRD30A	rejected	rejected	2263	MED	1	REJ_WITH_NUKE_HPA
ANKRD36C	rejected	rejected	2235	MED	1	REJ_WITH_NUKE_HPA
ANKRD39	rejected	rejected	2712	MED	1	REJ_WITH_NUKE_HPA
ANKRD40	rejected	rejected	3363	MED	1	REJ_WITH_NUKE_HPA
ANKRD44	rejected	rejected	3116	MED	1	REJ_WITH_NUKE_HPA
ANKRD62	rejected	rejected	2493	MED	1	REJ_WITH_NUKE_HPA
ANLN	rejected	rejected	274	OK	0	OK
ANP32A	rejected	rejected	277	OK	0	OK
ANXA10	rejected	rejected	277	OK	0	OK
ANXA2R	rejected	rejected	726	OK	0	OK
AOX1	rejected	rejected	274	OK	0	OK
APAF1	rejected	rejected	277	OK	0	OK
APOBEC3A_B	rejected	rejected	820	OK	0	OK
APOL6	rejected	rejected	859	OK	0	OK
APPL1	rejected	rejected	275	OK	0	OK
APRT	rejected	rejected	273	OK	0	OK
APTX	rejected	rejected	6315	MED	1	REJ_WITH_NUKE_HPA
AQP7B	rejected	rejected	725	OK	0	OK
ARFIP1	rejected	rejected	599	OK	0	OK
ARID1A	rejected	rejected	5988	MED	1	REJ_WITH_NUKE_HPA
ARID1B	rejected	rejected	5985	MED	1	REJ_WITH_NUKE_HPA
ARID5B	rejected	rejected	278	OK	0	OK
ARL17A	rejected	rejected	509	OK	0	OK
ARL17B	rejected	rejected	488	OK	0	OK
ARMC2	rejected	rejected	334	OK	0	OK
ARMC5	rejected	rejected	275	OK	0	OK
ARNT	rejected	rejected	8434	MED	1	REJ_WITH_NUKE_HPA
ARNT2	rejected	rejected	6877	MED	1	REJ_WITH_NUKE_HPA
ARRB1	rejected	rejected	275	OK	0	OK
ARRB2	rejected	rejected	275	OK	0	OK
ASB13	rejected	rejected	4057	MED	1	REJ_WITH_NUKE_HPA
ASCC2	rejected	rejected	276	OK	0	OK
ASCL1	rejected	rejected	6462	MED	1	REJ_WITH_NUKE_HPA
ASCL2	rejected	rejected	6596	MED	1	REJ_WITH_NUKE_HPA
ASPDH	rejected	rejected	391	OK	0	OK
ASPM	rejected	rejected	274	OK	0	OK
ASPSCR1	rejected	rejected	279	OK	0	OK
ASS1	rejected	rejected	273	OK	0	OK
ASXL2	rejected	rejected	276	OK	0	OK
ATE1	rejected	rejected	273	OK	0	OK
ATF5	rejected	rejected	273	OK	0	OK
ATG12	rejected	rejected	275	OK	0	OK
ATG13	rejected	rejected	275	OK	0	OK
ATG4C	rejected	rejected	336	OK	0	OK
ATN1	rejected	rejected	274	OK	0	OK
ATOH7	rejected	rejected	276	OK	0	OK
ATRIP	rejected	rejected	275	OK	0	OK
ATXN2L	rejected	rejected	2636	OK	0	OK
ATXN3	rejected	rejected	276	OK	0	OK
ATXN7	rejected	rejected	275	OK	0	OK
ATXN7L1	rejected	rejected	550	OK	0	OK
ATXN7L2	rejected	rejected	322	OK	0	OK
AURKA	rejected	rejected	276	OK	0	OK
AURKB	rejected	rejected	891	OK	0	OK
AUTS2	rejected	rejected	6377	MED	1	REJ_WITH_NUKE_HPA
AVPI1	rejected	rejected	334	OK	0	OK
AXIN2	rejected	rejected	276	OK	0	OK
Alyref2	rejected	rejected	1445	OK	0	OK
B9D2	rejected	rejected	250	OK	0	OK
BAG1	rejected	rejected	250	OK	0	OK
BAG6	rejected	rejected	251	OK	0	OK
BAMBI	rejected	rejected	252	OK	0	OK
BANF1	rejected	rejected	251	OK	0	OK
BANP	rejected	rejected	250	OK	0	OK
BARD1	rejected	rejected	252	OK	0	OK
BARX1	rejected	rejected	252	OK	0	OK
BATF2	rejected	rejected	252	OK	0	OK
BBIP1	rejected	rejected	269	OK	0	OK
BBLN	rejected	rejected	2893	OK	0	OK
BBOF1	rejected	rejected	356	OK	0	OK
BCL10	rejected	rejected	253	OK	0	OK
BCL2L1	rejected	rejected	254	OK	0	OK
BCL3	rejected	rejected	250	OK	0	OK
BCL9	rejected	rejected	251	OK	0	OK
BCL9L	rejected	rejected	253	OK	0	OK
BCLAF1	rejected	rejected	558	OK	0	OK
BCORL1	rejected	rejected	255	OK	0	OK
BECN1	rejected	rejected	253	OK	0	OK
BEND3	rejected	rejected	252	OK	0	OK
BEND7	rejected	rejected	244	OK	0	OK
BHLHE22	rejected	rejected	258	OK	0	OK
BHLHE23	rejected	rejected	257	OK	0	OK
BHLHE41	rejected	rejected	256	OK	0	OK
BHMT	rejected	rejected	250	OK	0	OK
BICDL1	rejected	rejected	267	OK	0	OK
BIRC2	rejected	rejected	252	OK	0	OK
BIRC3	rejected	rejected	253	OK	0	OK
BIRC5	rejected	rejected	253	OK	0	OK
BLTP3A	rejected	rejected	261	OK	0	OK
BMAL2	rejected	rejected	252	OK	0	OK
BMERB1	rejected	rejected	242	OK	0	OK
BMPR2	rejected	rejected	253	OK	0	OK
BMX	rejected	rejected	248	OK	0	OK
BNIP3L	rejected	rejected	254	OK	0	OK
BORA	rejected	rejected	250	OK	0	OK
BRAP	rejected	rejected	250	OK	0	OK
BRDT	rejected	rejected	250	OK	0	OK
BRF1	rejected	rejected	250	OK	0	OK
BRICD5	rejected	rejected	269	OK	0	OK
BRMS1	rejected	rejected	252	OK	0	OK
BRMS1L	rejected	rejected	254	OK	0	OK
BRPF1	rejected	rejected	253	OK	0	OK
BTBD16	rejected	rejected	285	OK	0	OK
BTBD6	rejected	rejected	268	OK	0	OK
BTBD9	rejected	rejected	273	OK	0	OK
BTG1	rejected	rejected	250	OK	0	OK
BTG2	rejected	rejected	250	OK	0	OK
BUB1	rejected	rejected	251	OK	0	OK
BUB1B	rejected	rejected	254	OK	0	OK
BUB3	rejected	rejected	250	OK	0	OK
Bex1	rejected	rejected	855	MED	1	REJ_NO_CLEAR_REASON
Bex2	rejected	rejected	855	MED	1	REJ_NO_CLEAR_REASON
C10orf62	rejected	rejected	4567	MED	1	REJ_WITH_NUKE_HPA
C11orf42	rejected	rejected	1915	MED	1	REJ_WITH_NUKE_HPA
C12orf60	rejected	rejected	1811	MED	1	REJ_WITH_NUKE_HPA
C15orf40	rejected	rejected	437	OK	0	OK
C16orf87	rejected	rejected	270	OK	0	OK
C17orf100	rejected	rejected	272	OK	0	OK
C1GALT1	rejected	rejected	256	OK	0	OK
C1orf159	rejected	rejected	250	OK	0	OK
C1orf162	rejected	rejected	237	OK	0	OK
C1orf216	rejected	rejected	253	OK	0	OK
C1orf94	rejected	rejected	6891	MED	1	REJ_WITH_NUKE_HPA
C2CD2L	rejected	rejected	272	OK	0	OK
C2CD6	rejected	rejected	283	OK	0	OK
CA13	rejected	rejected	250	OK	0	OK
CABIN1	rejected	rejected	255	OK	0	OK
CACHD1	rejected	rejected	264	OK	0	OK
CACNA2D3	rejected	rejected	274	OK	0	OK
CACYBP	rejected	rejected	254	OK	0	OK
CALCOCO1	rejected	rejected	259	OK	0	OK
CALCOCO2	rejected	rejected	258	OK	0	OK
CALML4	rejected	rejected	257	OK	0	OK
CAMK4	rejected	rejected	891	OK	0	OK
CAMKK2	rejected	rejected	895	OK	0	OK
CAMTA1	rejected	rejected	255	OK	0	OK
CAND1	rejected	rejected	253	OK	0	OK
CAPG	rejected	rejected	250	OK	0	OK
CAPSL	rejected	rejected	232	OK	0	OK
CASK	rejected	rejected	250	OK	0	OK
CBARP	rejected	rejected	311	OK	0	OK
CBLB	rejected	rejected	250	OK	0	OK
CBR1	rejected	rejected	250	OK	0	OK
CBY3	rejected	rejected	265	OK	0	OK
CC2D1A	rejected	rejected	254	OK	0	OK
CCAR2	rejected	rejected	252	OK	0	OK
CCDC15	rejected	rejected	250	OK	0	OK
CCDC17	rejected	rejected	231	OK	0	OK
CCDC28A	rejected	rejected	248	OK	0	OK
CCDC63	rejected	rejected	249	OK	0	OK
CCDC81	rejected	rejected	260	OK	0	OK
CCDC87	rejected	rejected	245	OK	0	OK
CD72	rejected	rejected	250	OK	0	OK
CDR2	rejected	rejected	250	OK	0	OK
CDX1	rejected	rejected	250	OK	0	OK
CEACAM19	rejected	rejected	265	OK	0	OK
CEBPD	rejected	rejected	252	OK	0	OK
CEBPE	rejected	rejected	252	OK	0	OK
CEMP1	rejected	rejected	252	OK	0	OK
CENPA	rejected	rejected	252	OK	0	OK
CENPB	rejected	rejected	252	OK	0	OK
CENPC	rejected	rejected	252	OK	0	OK
CENPE	rejected	rejected	253	OK	0	OK
CENPF	rejected	rejected	253	OK	0	OK
CEP290	rejected	rejected	255	OK	0	OK
CEP76	rejected	rejected	405	OK	0	OK
CERCAM	rejected	rejected	276	OK	0	OK
CERS2	rejected	rejected	252	OK	0	OK
CETN2	rejected	rejected	252	OK	0	OK
CFL1	rejected	rejected	251	OK	0	OK
CFL2	rejected	rejected	250	OK	0	OK
CFLAR	rejected	rejected	252	OK	0	OK
CHEK1	rejected	rejected	894	OK	0	OK
CHM	rejected	rejected	249	OK	0	OK
CHUK	rejected	rejected	250	OK	0	OK
CIART	rejected	rejected	252	OK	0	OK
CIDEA	rejected	rejected	252	OK	0	OK
CIDEC	rejected	rejected	252	OK	0	OK
CIP2A	rejected	rejected	252	OK	0	OK
CITED2	rejected	rejected	895	OK	0	OK
CKS2	rejected	rejected	249	OK	0	OK
CLASP1	rejected	rejected	887	OK	0	OK
CLEC16A	rejected	rejected	257	OK	0	OK
CLN6	rejected	rejected	250	OK	0	OK
CLSPN	rejected	rejected	253	OK	0	OK
CLXN	rejected	rejected	270	OK	0	OK
COMMD1	rejected	rejected	254	OK	0	OK
CPA3	rejected	rejected	250	OK	0	OK
CRABP2	rejected	rejected	254	OK	0	OK
CRBN	rejected	rejected	251	OK	0	OK
CREB3	rejected	rejected	252	OK	0	OK
CREB3L1	rejected	rejected	256	OK	0	OK
CREB3L2	rejected	rejected	256	OK	0	OK
CREB3L3	rejected	rejected	256	OK	0	OK
CREB5	rejected	rejected	252	OK	0	OK
CREM	rejected	rejected	250	OK	0	OK
CRIP1	rejected	rejected	251	OK	0	OK
CRK	rejected	rejected	248	OK	0	OK
CRKL	rejected	rejected	250	OK	0	OK
CRPPA	rejected	rejected	278	OK	0	OK
CRTC1	rejected	rejected	252	OK	0	OK
CRTC2	rejected	rejected	252	OK	0	OK
CRYAA	rejected	rejected	252	OK	0	OK
CRYBB2	rejected	rejected	254	OK	0	OK
CSE1L	rejected	rejected	252	OK	0	OK
CSTA	rejected	rejected	249	OK	0	OK
CSTB	rejected	rejected	249	OK	0	OK
CSTF2	rejected	rejected	252	OK	0	OK
CTBP1	rejected	rejected	252	OK	0	OK
CTBP2	rejected	rejected	252	OK	0	OK
CTC1	rejected	rejected	251	OK	0	OK
CTNND2	rejected	rejected	255	OK	0	OK
CTSV	rejected	rejected	250	OK	0	OK
CUL5	rejected	rejected	250	OK	0	OK
CUX1	rejected	rejected	6930	MED	1	REJ_WITH_NUKE_HPA
CYFIP2	rejected	rejected	255	OK	0	OK
CYGB	rejected	rejected	250	OK	0	OK
CYLD	rejected	rejected	250	OK	0	OK
Cbll1	rejected	rejected	859	MED	1	REJ_NO_CLEAR_REASON
Cdc14b	rejected	rejected	820	MED	1	REJ_NO_CLEAR_REASON
Csnk1e	rejected	rejected	863	MED	1	REJ_NO_CLEAR_REASON
Csnk2a1	rejected	rejected	867	MED	1	REJ_NO_CLEAR_REASON
DAB2	rejected	rejected	250	OK	0	OK
DCK	rejected	rejected	249	OK	0	OK
DCLK1	rejected	rejected	252	OK	0	OK
DCLRE1C	rejected	rejected	256	OK	0	OK
DCTD	rejected	rejected	250	OK	0	OK
DCTN1	rejected	rejected	253	OK	0	OK
DDAH1	rejected	rejected	252	OK	0	OK
DDB1	rejected	rejected	887	OK	0	OK
DDN	rejected	rejected	248	OK	0	OK
DDX39B	rejected	rejected	254	OK	0	OK
DEDD	rejected	rejected	250	OK	0	OK
DENND4A	rejected	rejected	813	OK	0	OK
DEPDC7	rejected	rejected	800	OK	0	OK
DEPTOR	rejected	rejected	254	OK	0	OK
DFFB	rejected	rejected	250	OK	0	OK
DGAT1	rejected	rejected	252	OK	0	OK
DGKQ	rejected	rejected	250	OK	0	OK
DGKZ	rejected	rejected	250	OK	0	OK
DHPS	rejected	rejected	250	OK	0	OK
DIO2	rejected	rejected	250	OK	0	OK
DLL3	rejected	rejected	250	OK	0	OK
DLST	rejected	rejected	250	OK	0	OK
DLX3	rejected	rejected	250	OK	0	OK
DLX4	rejected	rejected	250	OK	0	OK
DLX6	rejected	rejected	250	OK	0	OK
DMRT2	rejected	rejected	252	OK	0	OK
DMTF1	rejected	rejected	252	OK	0	OK
DOK1	rejected	rejected	250	OK	0	OK
DPP9	rejected	rejected	250	OK	0	OK
DPYSL5	rejected	rejected	254	OK	0	OK
DR1	rejected	rejected	249	OK	0	OK
DRG1	rejected	rejected	250	OK	0	OK
DST	rejected	rejected	250	OK	0	OK
DTL	rejected	rejected	248	OK	0	OK
DVL2	rejected	rejected	250	OK	0	OK
DYNC1LI1	rejected	rejected	1157	OK	0	OK
E2F2	rejected	rejected	657	OK	0	OK
E2F5	rejected	rejected	657	OK	0	OK
E2F6	rejected	rejected	657	OK	0	OK
E2F7	rejected	rejected	657	OK	0	OK
E2F8	rejected	rejected	657	OK	0	OK
EAF2	rejected	rejected	669	OK	0	OK
EBF3	rejected	rejected	657	OK	0	OK
ECT2	rejected	rejected	689	OK	0	OK
EDARADD	rejected	rejected	697	OK	0	OK
EEF2	rejected	rejected	662	OK	0	OK
EEF2K	rejected	rejected	679	OK	0	OK
EGLN1	rejected	rejected	665	OK	0	OK
EGLN3	rejected	rejected	671	OK	0	OK
EGR4	rejected	rejected	663	OK	0	OK
ELAC2	rejected	rejected	734	OK	0	OK
ELF4	rejected	rejected	680	OK	0	OK
ELK3	rejected	rejected	667	OK	0	OK
ELOF1	rejected	rejected	688	OK	0	OK
ELP4	rejected	rejected	707	OK	0	OK
ELP6	rejected	rejected	724	MED	1	REJ_WITH_NUKE_HPA
EME1	rejected	rejected	687	OK	0	OK
EMG1	rejected	rejected	764	OK	0	OK
EMP2	rejected	rejected	715	OK	0	OK
EMSY	rejected	rejected	681	OK	0	OK
EMX2	rejected	rejected	676	OK	0	OK
EN2	rejected	rejected	656	OK	0	OK
ENC1	rejected	rejected	746	OK	0	OK
EPC1	rejected	rejected	673	OK	0	OK
EPOP	rejected	rejected	744	OK	0	OK
ERCC6L2	rejected	rejected	814	MED	1	REJ_WITH_NUKE_HPA
ERI2	rejected	rejected	697	OK	0	OK
ESCO1	rejected	rejected	720	MED	1	REJ_WITH_NUKE_HPA
ESCO2	rejected	rejected	673	OK	0	OK
ESD	rejected	rejected	683	OK	0	OK
ESRRA	rejected	rejected	679	OK	0	OK
ESRRG	rejected	rejected	667	OK	0	OK
ESX1	rejected	rejected	664	OK	0	OK
ETV5	rejected	rejected	659	OK	0	OK
EVI5L	rejected	rejected	704	MED	1	REJ_WITH_NUKE_HPA
EYA1	rejected	rejected	667	OK	0	OK
EYA2	rejected	rejected	714	MED	1	REJ_WITH_NUKE_HPA
Elob	rejected	rejected	855	MED	1	REJ_NO_CLEAR_REASON
FABP1	rejected	rejected	307	MED	1	REJ_WITH_NUKE_HPA
FABP6	rejected	rejected	327	MED	1	REJ_WITH_NUKE_HPA
FABP7	rejected	rejected	310	MED	1	REJ_WITH_NUKE_HPA
FADD	rejected	rejected	309	MED	1	REJ_WITH_NUKE_HPA
FADS2	rejected	rejected	310	MED	1	REJ_WITH_NUKE_HPA
FAF1	rejected	rejected	308	MED	1	REJ_WITH_NUKE_HPA
FAM13A	rejected	rejected	313	MED	1	REJ_WITH_NUKE_HPA
FAN1	rejected	rejected	311	MED	1	REJ_NO_CLEAR_REASON
FANCA	rejected	rejected	304	MED	1	REJ_WITH_NUKE_HPA
FANCC	rejected	rejected	304	MED	1	REJ_WITH_NUKE_HPA
FANCI	rejected	rejected	313	MED	1	REJ_NO_CLEAR_REASON
FBP2	rejected	rejected	300	OK	0	OK
FBXO11	rejected	rejected	312	MED	1	REJ_WITH_NUKE_HPA
FBXO32	rejected	rejected	304	OK	0	OK
FDPS	rejected	rejected	302	OK	0	OK
FEN1	rejected	rejected	302	OK	0	OK
FEV	rejected	rejected	302	OK	0	OK
FGF12	rejected	rejected	304	OK	0	OK
FHIT	rejected	rejected	303	OK	0	OK
FHL1	rejected	rejected	302	OK	0	OK
FHL2	rejected	rejected	308	MED	1	REJ_WITH_NUKE_HPA
FHL3	rejected	rejected	317	MED	1	REJ_WITH_NUKE_HPA
FIGLA	rejected	rejected	315	MED	1	REJ_WITH_NUKE_HPA
FKBP4	rejected	rejected	310	MED	1	REJ_WITH_NUKE_HPA
FKBP5	rejected	rejected	320	MED	1	REJ_WITH_NUKE_HPA
FLCN	rejected	rejected	302	OK	0	OK
FLII	rejected	rejected	606	OK	0	OK
FOXC2	rejected	rejected	307	MED	1	REJ_WITH_NUKE_HPA
FOXD2	rejected	rejected	310	MED	1	REJ_WITH_NUKE_HPA
FOXE1	rejected	rejected	310	MED	1	REJ_WITH_NUKE_HPA
FOXE3	rejected	rejected	325	MED	1	REJ_WITH_NUKE_HPA
FOXF1	rejected	rejected	310	MED	1	REJ_WITH_NUKE_HPA
FOXF2	rejected	rejected	310	MED	1	REJ_WITH_NUKE_HPA
FOXH1	rejected	rejected	310	MED	1	REJ_WITH_NUKE_HPA
FOXI3	rejected	rejected	326	OK	0	OK
FOXJ1	rejected	rejected	310	MED	1	REJ_WITH_NUKE_HPA
FOXO4	rejected	rejected	310	MED	1	REJ_WITH_NUKE_HPA
FOXP4	rejected	rejected	302	OK	0	OK
FOXQ1	rejected	rejected	310	MED	1	REJ_WITH_NUKE_HPA
FRG2	rejected	rejected	324	OK	0	OK
FSD1	rejected	rejected	308	MED	1	REJ_WITH_NUKE_HPA
FSTL3	rejected	rejected	320	MED	1	REJ_WITH_NUKE_HPA
FUBP1	rejected	rejected	310	MED	1	REJ_WITH_NUKE_HPA
FUT8	rejected	rejected	317	MED	1	REJ_WITH_NUKE_HPA
FZR1	rejected	rejected	308	MED	1	REJ_WITH_NUKE_HPA
GAB1	rejected	rejected	708	OK	0	OK
GADD45A	rejected	rejected	723	OK	0	OK
GADD45B	rejected	rejected	720	OK	0	OK
GALM	rejected	rejected	843	OK	0	OK
GAS2	rejected	rejected	708	OK	0	OK
GATA5	rejected	rejected	712	OK	0	OK
GBP2	rejected	rejected	708	OK	0	OK
GBX2	rejected	rejected	708	OK	0	OK
GCAT	rejected	rejected	708	OK	0	OK
GCH1	rejected	rejected	708	OK	0	OK
GCKR	rejected	rejected	5247	MED	1	REJ_WITH_NUKE_HPA
GCLC	rejected	rejected	708	OK	0	OK
GCLM	rejected	rejected	708	OK	0	OK
GCM1	rejected	rejected	708	OK	0	OK
GCM2	rejected	rejected	711	OK	0	OK
GDA	rejected	rejected	704	OK	0	OK
GEMIN2	rejected	rejected	716	OK	0	OK
GJA1	rejected	rejected	708	OK	0	OK
GLO1	rejected	rejected	708	OK	0	OK
GNA13	rejected	rejected	698	OK	0	OK
GNAQ	rejected	rejected	708	OK	0	OK
GP9	rejected	rejected	704	OK	0	OK
GPBP1	rejected	rejected	7807	OK	0	OK
GPER1	rejected	rejected	712	OK	0	OK
GPX4	rejected	rejected	711	OK	0	OK
GRB2	rejected	rejected	711	OK	0	OK
GRHL3	rejected	rejected	712	OK	0	OK
GRK5	rejected	rejected	708	OK	0	OK
GSS	rejected	rejected	707	OK	0	OK
Gbp4	rejected	rejected	855	MED	1	REJ_NO_CLEAR_REASON
Gon4l	rejected	rejected	859	MED	1	REJ_NO_CLEAR_REASON
HACE1	rejected	rejected	992	OK	0	OK
HAND1	rejected	rejected	992	OK	0	OK
HAS1	rejected	rejected	987	OK	0	OK
HBP1	rejected	rejected	987	OK	0	OK
HBS1L	rejected	rejected	992	OK	0	OK
HBZ	rejected	rejected	982	OK	0	OK
HCFC1	rejected	rejected	992	OK	0	OK
HDGF	rejected	rejected	987	OK	0	OK
HELLS	rejected	rejected	992	OK	0	OK
HES6	rejected	rejected	987	OK	0	OK
HESX1	rejected	rejected	992	OK	0	OK
HEXIM1	rejected	rejected	997	OK	0	OK
HEY1	rejected	rejected	987	OK	0	OK
HEY2	rejected	rejected	987	OK	0	OK
HHEX	rejected	rejected	987	OK	0	OK
HINT1	rejected	rejected	992	OK	0	OK
HIP1	rejected	rejected	987	OK	0	OK
HIPK2	rejected	rejected	992	OK	0	OK
HIPK3	rejected	rejected	992	OK	0	OK
HJURP	rejected	rejected	992	OK	0	OK
HLTF	rejected	rejected	987	OK	0	OK
HMGA1	rejected	rejected	977	OK	0	OK
HMGB2	rejected	rejected	992	OK	0	OK
HMGB3	rejected	rejected	992	OK	0	OK
HMGCS1	rejected	rejected	997	OK	0	OK
HMGN2	rejected	rejected	992	OK	0	OK
HNF1A	rejected	rejected	7152	OK	0	OK
HNMT	rejected	rejected	987	OK	0	OK
HPD	rejected	rejected	985	OK	0	OK
HPGD	rejected	rejected	987	OK	0	OK
HPGDS	rejected	rejected	992	OK	0	OK
HSBP1	rejected	rejected	981	OK	0	OK
HUS1	rejected	rejected	987	OK	0	OK
Hsf3	rejected	rejected	855	MED	1	REJ_NO_CLEAR_REASON
IFI16	rejected	rejected	565	OK	0	OK
IFI44	rejected	rejected	561	OK	0	OK
IFI44L	rejected	rejected	366	OK	0	OK
IGDCC3	rejected	rejected	406	MED	1	REJ_NO_CLEAR_REASON
IGHMBP2	rejected	rejected	598	OK	0	OK
IKBKE	rejected	rejected	569	OK	0	OK
IKBKG	rejected	rejected	393	OK	0	OK
ILK	rejected	rejected	547	OK	0	OK
IMPDH1	rejected	rejected	367	OK	0	OK
IMPDH2	rejected	rejected	353	OK	0	OK
INCENP	rejected	rejected	461	OK	0	OK
INF2	rejected	rejected	556	OK	0	OK
INVS	rejected	rejected	548	OK	0	OK
IRAK1	rejected	rejected	563	OK	0	OK
IRAK3	rejected	rejected	400	OK	0	OK
IRAK4	rejected	rejected	559	OK	0	OK
IRS1	rejected	rejected	357	OK	0	OK
IRX3	rejected	rejected	552	OK	0	OK
ISG20	rejected	rejected	546	OK	0	OK
ISL2	rejected	rejected	498	MED	1	REJ_NO_CLEAR_REASON
IST1	rejected	rejected	361	MED	1	REJ_NO_CLEAR_REASON
ITCH	rejected	rejected	890	OK	0	OK
ITGA7	rejected	rejected	348	MED	1	REJ_NO_CLEAR_REASON
ITGA9	rejected	rejected	348	MED	1	REJ_NO_CLEAR_REASON
ITPA	rejected	rejected	567	OK	0	OK
ITPR2	rejected	rejected	397	MED	1	REJ_NO_CLEAR_REASON
IVL	rejected	rejected	408	OK	0	OK
JMJD1C	rejected	rejected	591	OK	0	OK
JMJD6	rejected	rejected	427	OK	0	OK
JRK	rejected	rejected	353	OK	0	OK
KANSL1	rejected	rejected	797	OK	0	OK
KATNAL2	rejected	rejected	650	OK	0	OK
KCTD15	rejected	rejected	739	OK	0	OK
KHNYN	rejected	rejected	619	OK	0	OK
KHSRP	rejected	rejected	829	OK	0	OK
KIAA1549	rejected	rejected	789	OK	0	OK
KLF10	rejected	rejected	799	OK	0	OK
KLF11	rejected	rejected	795	OK	0	OK
KLF12	rejected	rejected	773	OK	0	OK
KLF14	rejected	rejected	821	OK	0	OK
KLF3	rejected	rejected	750	OK	0	OK
KLF6	rejected	rejected	806	OK	0	OK
KLF7	rejected	rejected	792	OK	0	OK
KLHDC3	rejected	rejected	626	OK	0	OK
KLRB1	rejected	rejected	835	OK	0	OK
KNL1	rejected	rejected	813	OK	0	OK
KPNA2	rejected	rejected	833	OK	0	OK
KPNB1	rejected	rejected	754	OK	0	OK
KPTN	rejected	rejected	625	OK	0	OK
KRR1	rejected	rejected	830	OK	0	OK
KYNU	rejected	rejected	808	OK	0	OK
LAMTOR2	rejected	rejected	634	OK	0	OK
LBH	rejected	rejected	795	OK	0	OK
LBX1	rejected	rejected	741	OK	0	OK
LCORL	rejected	rejected	739	OK	0	OK
LGMN	rejected	rejected	812	OK	0	OK
LHX1	rejected	rejected	818	OK	0	OK
LHX4	rejected	rejected	804	OK	0	OK
LHX8	rejected	rejected	788	OK	0	OK
LHX9	rejected	rejected	730	OK	0	OK
LIG1	rejected	rejected	717	OK	0	OK
LIG3	rejected	rejected	733	OK	0	OK
LIMK1	rejected	rejected	795	OK	0	OK
LIPA	rejected	rejected	866	OK	0	OK
LITAF	rejected	rejected	857	OK	0	OK
LMNB2	rejected	rejected	819	OK	0	OK
LMO4	rejected	rejected	822	OK	0	OK
LMX1B	rejected	rejected	823	OK	0	OK
LNPK	rejected	rejected	615	OK	0	OK
LOXL2	rejected	rejected	827	OK	0	OK
LPIN1	rejected	rejected	793	OK	0	OK
LPP	rejected	rejected	751	MED	1	REJ_WITH_NUKE_HPA
LRRC7	rejected	rejected	617	OK	0	OK
LRRFIP1	rejected	rejected	865	OK	0	OK
LTV1	rejected	rejected	612	OK	0	OK
LXN	rejected	rejected	623	OK	0	OK
LYL1	rejected	rejected	728	OK	0	OK
LYST	rejected	rejected	863	OK	0	OK
LZTR1	rejected	rejected	817	OK	0	OK
MACC1	rejected	rejected	572	OK	0	OK
MAD2L1	rejected	rejected	572	OK	0	OK
MAFF	rejected	rejected	566	OK	0	OK
MAFK	rejected	rejected	566	OK	0	OK
MAGEA1	rejected	rejected	560	OK	0	OK
MAGEA4	rejected	rejected	560	OK	0	OK
MAGEL2	rejected	rejected	561	OK	0	OK
MAGI1	rejected	rejected	605	OK	0	OK
MAML1	rejected	rejected	583	OK	0	OK
MAML2	rejected	rejected	583	OK	0	OK
MAML3	rejected	rejected	583	OK	0	OK
MARCKS	rejected	rejected	592	OK	0	OK
MARS1	rejected	rejected	564	OK	0	OK
MAT1A	rejected	rejected	570	OK	0	OK
MAT2A	rejected	rejected	570	OK	0	OK
MDC1	rejected	rejected	887	OK	0	OK
MEF2A	rejected	rejected	563	OK	0	OK
MEFV	rejected	rejected	573	OK	0	OK
MKI67	rejected	rejected	569	OK	0	OK
MKNK1	rejected	rejected	891	OK	0	OK
MLLT10	rejected	rejected	594	OK	0	OK
MLST8	rejected	rejected	573	OK	0	OK
MLX	rejected	rejected	561	OK	0	OK
MMACHC	rejected	rejected	575	OK	0	OK
MNDA	rejected	rejected	579	OK	0	OK
MNX1	rejected	rejected	571	OK	0	OK
MPG	rejected	rejected	563	OK	0	OK
MRO	rejected	rejected	540	OK	0	OK
MRTFA	rejected	rejected	577	OK	0	OK
MSRA	rejected	rejected	567	OK	0	OK
MSX2	rejected	rejected	549	OK	0	OK
MT1E	rejected	rejected	552	OK	0	OK
MTA1	rejected	rejected	887	OK	0	OK
MTAP	rejected	rejected	568	OK	0	OK
MTF1	rejected	rejected	574	OK	0	OK
MTRR	rejected	rejected	600	OK	0	OK
MUS81	rejected	rejected	582	OK	0	OK
MUTYH	rejected	rejected	557	OK	0	OK
MX2	rejected	rejected	557	OK	0	OK
MXD1	rejected	rejected	561	OK	0	OK
MXI1	rejected	rejected	572	OK	0	OK
MYBL1	rejected	rejected	562	OK	0	OK
MYCL	rejected	rejected	580	OK	0	OK
MYOG	rejected	rejected	545	OK	0	OK
MYRF	rejected	rejected	560	OK	0	OK
Meis3	rejected	rejected	859	MED	1	REJ_NO_CLEAR_REASON
Msx3	rejected	rejected	855	MED	1	REJ_NO_CLEAR_REASON
NAA10	rejected	rejected	849	MED	1	REJ_NO_CLEAR_REASON
NAB2	rejected	rejected	790	MED	1	REJ_NO_CLEAR_REASON
NACA	rejected	rejected	850	MED	1	REJ_NO_CLEAR_REASON
NANOGNB	rejected	rejected	743	MED	1	REJ_NO_CLEAR_REASON
NANS	rejected	rejected	766	MED	1	REJ_NO_CLEAR_REASON
NASP	rejected	rejected	828	MED	1	REJ_NO_CLEAR_REASON
NBAS	rejected	rejected	776	MED	1	REJ_NO_CLEAR_REASON
NBR1	rejected	rejected	767	MED	1	REJ_NO_CLEAR_REASON
NCBP1	rejected	rejected	777	MED	1	REJ_NO_CLEAR_REASON
NCOA1	rejected	rejected	772	MED	1	REJ_NO_CLEAR_REASON
NCOA3	rejected	rejected	772	MED	1	REJ_NO_CLEAR_REASON
NCOA4	rejected	rejected	773	MED	1	REJ_NO_CLEAR_REASON
NDC80	rejected	rejected	776	MED	1	REJ_NO_CLEAR_REASON
NDE1	rejected	rejected	774	MED	1	REJ_NO_CLEAR_REASON
NDN	rejected	rejected	761	MED	1	REJ_NO_CLEAR_REASON
NDRG2	rejected	rejected	797	MED	1	REJ_NO_CLEAR_REASON
NEDD4	rejected	rejected	891	OK	0	OK
NEDD8	rejected	rejected	891	OK	0	OK
NEDD9	rejected	rejected	878	MED	1	REJ_NO_CLEAR_REASON
NEFH	rejected	rejected	764	MED	1	REJ_NO_CLEAR_REASON
NEFL	rejected	rejected	767	MED	1	REJ_NO_CLEAR_REASON
NEIL1	rejected	rejected	808	MED	1	REJ_NO_CLEAR_REASON
NEIL2	rejected	rejected	789	MED	1	REJ_NO_CLEAR_REASON
NEIL3	rejected	rejected	788	MED	1	REJ_NO_CLEAR_REASON
NEK2	rejected	rejected	887	OK	0	OK
NEK7	rejected	rejected	887	OK	0	OK
NET1	rejected	rejected	816	MED	1	REJ_NO_CLEAR_REASON
NEUROD2	rejected	rejected	803	MED	1	REJ_NO_CLEAR_REASON
NFATC2	rejected	rejected	861	MED	1	REJ_NO_CLEAR_REASON
NFATC3	rejected	rejected	858	MED	1	REJ_NO_CLEAR_REASON
NFATC4	rejected	rejected	857	MED	1	REJ_NO_CLEAR_REASON
NFE2	rejected	rejected	810	MED	1	REJ_NO_CLEAR_REASON
NFE2L1	rejected	rejected	828	MED	1	REJ_NO_CLEAR_REASON
NFIC	rejected	rejected	777	MED	1	REJ_NO_CLEAR_REASON
NFIL3	rejected	rejected	824	MED	1	REJ_NO_CLEAR_REASON
NFIX	rejected	rejected	776	MED	1	REJ_NO_CLEAR_REASON
NFKBIA	rejected	rejected	852	MED	1	REJ_NO_CLEAR_REASON
NFS1	rejected	rejected	763	MED	1	REJ_NO_CLEAR_REASON
NFYA	rejected	rejected	821	MED	1	REJ_NO_CLEAR_REASON
NFYB	rejected	rejected	819	MED	1	REJ_NO_CLEAR_REASON
NFYC	rejected	rejected	820	MED	1	REJ_NO_CLEAR_REASON
NHLH1	rejected	rejected	797	MED	1	REJ_NO_CLEAR_REASON
NIN	rejected	rejected	742	MED	1	REJ_NO_CLEAR_REASON
NME2	rejected	rejected	772	MED	1	REJ_NO_CLEAR_REASON
NMI	rejected	rejected	761	MED	1	REJ_NO_CLEAR_REASON
NMNAT1	rejected	rejected	789	MED	1	REJ_NO_CLEAR_REASON
NOBOX	rejected	rejected	764	MED	1	REJ_NO_CLEAR_REASON
NOCT	rejected	rejected	748	MED	1	REJ_NO_CLEAR_REASON
NOTO	rejected	rejected	755	MED	1	REJ_NO_CLEAR_REASON
NPAS2	rejected	rejected	770	MED	1	REJ_NO_CLEAR_REASON
NPAS4	rejected	rejected	770	MED	1	REJ_NO_CLEAR_REASON
NPAT	rejected	rejected	827	MED	1	REJ_NO_CLEAR_REASON
NRIP1	rejected	rejected	780	MED	1	REJ_NO_CLEAR_REASON
NRK	rejected	rejected	755	MED	1	REJ_NO_CLEAR_REASON
NRM	rejected	rejected	789	MED	1	REJ_NO_CLEAR_REASON
NSMF	rejected	rejected	805	MED	1	REJ_NO_CLEAR_REASON
NT5DC1	rejected	rejected	2292	OK	0	OK
NTRK3	rejected	rejected	781	MED	1	REJ_NO_CLEAR_REASON
NUAK1	rejected	rejected	796	MED	1	REJ_NO_CLEAR_REASON
NUCKS1	rejected	rejected	868	MED	1	REJ_NO_CLEAR_REASON
NUDCD2	rejected	rejected	744	MED	1	REJ_NO_CLEAR_REASON
NUF2	rejected	rejected	825	MED	1	REJ_NO_CLEAR_REASON
NUMA1	rejected	rejected	777	MED	1	REJ_NO_CLEAR_REASON
NUPR1	rejected	rejected	829	MED	1	REJ_NO_CLEAR_REASON
NUSAP1	rejected	rejected	786	MED	1	REJ_NO_CLEAR_REASON
NUTM1	rejected	rejected	821	MED	1	REJ_NO_CLEAR_REASON
Ncbp2	rejected	rejected	859	MED	1	REJ_NO_CLEAR_REASON
Nsun5	rejected	rejected	859	MED	1	REJ_NO_CLEAR_REASON
OAS3	rejected	rejected	3941	MED	1	REJ_WITH_NUKE_HPA
OASL	rejected	rejected	4239	MED	1	REJ_WITH_NUKE_HPA
OFD1	rejected	rejected	837	MED	1	REJ_NO_CLEAR_REASON
OGA	rejected	rejected	747	MED	1	REJ_NO_CLEAR_REASON
OGFOD2	rejected	rejected	2319	OK	0	OK
OGFOD3	rejected	rejected	2111	OK	0	OK
OGG1	rejected	rejected	805	MED	1	REJ_NO_CLEAR_REASON
OIP5	rejected	rejected	764	MED	1	REJ_NO_CLEAR_REASON
OLIG1	rejected	rejected	779	MED	1	REJ_NO_CLEAR_REASON
ONECUT1	rejected	rejected	798	MED	1	REJ_NO_CLEAR_REASON
ONECUT2	rejected	rejected	798	MED	1	REJ_NO_CLEAR_REASON
OSBP	rejected	rejected	763	MED	1	REJ_NO_CLEAR_REASON
OSMR	rejected	rejected	759	MED	1	REJ_NO_CLEAR_REASON
OSR1	rejected	rejected	780	MED	1	REJ_NO_CLEAR_REASON
OSR2	rejected	rejected	801	MED	1	REJ_NO_CLEAR_REASON
OTP	rejected	rejected	755	MED	1	REJ_NO_CLEAR_REASON
OTX1	rejected	rejected	762	MED	1	REJ_NO_CLEAR_REASON
Obox1	rejected	rejected	859	MED	1	REJ_NO_CLEAR_REASON
Obox3	rejected	rejected	859	MED	1	REJ_NO_CLEAR_REASON
Obox4	rejected	rejected	859	MED	1	REJ_NO_CLEAR_REASON
Obox5	rejected	rejected	859	MED	1	REJ_NO_CLEAR_REASON
PA2G4	rejected	rejected	769	MED	1	REJ_NO_CLEAR_REASON
PADI4	rejected	rejected	811	MED	1	REJ_NO_CLEAR_REASON
PAFAH1B1	rejected	rejected	884	MED	1	REJ_NO_CLEAR_REASON
PAK2	rejected	rejected	887	OK	0	OK
PALB2	rejected	rejected	777	MED	1	REJ_NO_CLEAR_REASON
PAPOLA	rejected	rejected	796	MED	1	REJ_NO_CLEAR_REASON
PARG	rejected	rejected	887	OK	0	OK
PARK7	rejected	rejected	774	MED	1	REJ_NO_CLEAR_REASON
PARN	rejected	rejected	824	MED	1	REJ_NO_CLEAR_REASON
PASK	rejected	rejected	783	MED	1	REJ_NO_CLEAR_REASON
PAWR	rejected	rejected	799	MED	1	REJ_NO_CLEAR_REASON
PAX1	rejected	rejected	750	MED	1	REJ_NO_CLEAR_REASON
PAX4	rejected	rejected	750	MED	1	REJ_NO_CLEAR_REASON
PAX9	rejected	rejected	750	MED	1	REJ_NO_CLEAR_REASON
PBX2	rejected	rejected	784	MED	1	REJ_NO_CLEAR_REASON
PBX3	rejected	rejected	785	MED	1	REJ_NO_CLEAR_REASON
PDLIM2	rejected	rejected	758	MED	1	REJ_NO_CLEAR_REASON
PDXK	rejected	rejected	754	MED	1	REJ_NO_CLEAR_REASON
PEA15	rejected	rejected	787	MED	1	REJ_NO_CLEAR_REASON
PEG10	rejected	rejected	764	MED	1	REJ_NO_CLEAR_REASON
PELP1	rejected	rejected	839	MED	1	REJ_NO_CLEAR_REASON
PEPD	rejected	rejected	749	MED	1	REJ_NO_CLEAR_REASON
PES1	rejected	rejected	777	MED	1	REJ_NO_CLEAR_REASON
PFKL	rejected	rejected	769	MED	1	REJ_NO_CLEAR_REASON
PHF1	rejected	rejected	887	OK	0	OK
PHF21A	rejected	rejected	766	MED	1	REJ_NO_CLEAR_REASON
PHGDH	rejected	rejected	772	MED	1	REJ_NO_CLEAR_REASON
PHLDA1	rejected	rejected	847	MED	1	REJ_NO_CLEAR_REASON
PHLDA2	rejected	rejected	776	MED	1	REJ_NO_CLEAR_REASON
PHLPP1	rejected	rejected	895	OK	0	OK
PHLPP2	rejected	rejected	800	MED	1	REJ_NO_CLEAR_REASON
PHOX2A	rejected	rejected	793	MED	1	REJ_NO_CLEAR_REASON
PIK3R3	rejected	rejected	790	MED	1	REJ_NO_CLEAR_REASON
PIM1	rejected	rejected	887	OK	0	OK
PIN1	rejected	rejected	796	MED	1	REJ_NO_CLEAR_REASON
PINX1	rejected	rejected	837	MED	1	REJ_NO_CLEAR_REASON
PITX3	rejected	rejected	816	MED	1	REJ_NO_CLEAR_REASON
PKM	rejected	rejected	883	OK	0	OK
PKMYT1	rejected	rejected	801	MED	1	REJ_NO_CLEAR_REASON
PKNOX1	rejected	rejected	792	MED	1	REJ_NO_CLEAR_REASON
PKP2	rejected	rejected	752	MED	1	REJ_NO_CLEAR_REASON
PLA2G4A	rejected	rejected	835	MED	1	REJ_NO_CLEAR_REASON
PLA2G4D	rejected	rejected	779	MED	1	REJ_NO_CLEAR_REASON
PLCB1	rejected	rejected	790	MED	1	REJ_NO_CLEAR_REASON
PLCG2	rejected	rejected	766	MED	1	REJ_NO_CLEAR_REASON
PLK1	rejected	rejected	887	OK	0	OK
PLK2	rejected	rejected	756	MED	1	REJ_NO_CLEAR_REASON
PLOD2	rejected	rejected	789	MED	1	REJ_NO_CLEAR_REASON
PLSCR1	rejected	rejected	769	MED	1	REJ_NO_CLEAR_REASON
PMM2	rejected	rejected	758	MED	1	REJ_NO_CLEAR_REASON
PNKP	rejected	rejected	814	MED	1	REJ_NO_CLEAR_REASON
PNN	rejected	rejected	779	MED	1	REJ_NO_CLEAR_REASON
POU1F1	rejected	rejected	811	MED	1	REJ_NO_CLEAR_REASON
POU2AF1	rejected	rejected	832	MED	1	REJ_NO_CLEAR_REASON
POU2F1	rejected	rejected	811	MED	1	REJ_NO_CLEAR_REASON
POU2F2	rejected	rejected	813	MED	1	REJ_NO_CLEAR_REASON
POU2F3	rejected	rejected	812	MED	1	REJ_NO_CLEAR_REASON
POU3F1	rejected	rejected	812	MED	1	REJ_NO_CLEAR_REASON
POU3F2	rejected	rejected	812	MED	1	REJ_NO_CLEAR_REASON
POU3F3	rejected	rejected	812	MED	1	REJ_NO_CLEAR_REASON
POU3F4	rejected	rejected	812	MED	1	REJ_NO_CLEAR_REASON
POU4F1	rejected	rejected	812	MED	1	REJ_NO_CLEAR_REASON
POU4F2	rejected	rejected	811	MED	1	REJ_NO_CLEAR_REASON
PPAN	rejected	rejected	730	MED	1	REJ_NO_CLEAR_REASON
PPARGC1A	rejected	rejected	855	MED	1	REJ_NO_CLEAR_REASON
PPARGC1B	rejected	rejected	848	MED	1	REJ_NO_CLEAR_REASON
PPIB	rejected	rejected	764	MED	1	REJ_NO_CLEAR_REASON
PPIE	rejected	rejected	810	MED	1	REJ_NO_CLEAR_REASON
PPM1D	rejected	rejected	891	OK	0	OK
PQBP1	rejected	rejected	772	MED	1	REJ_NO_CLEAR_REASON
PRAME	rejected	rejected	790	MED	1	REJ_NO_CLEAR_REASON
PRAMEF12	rejected	rejected	751	MED	1	REJ_NO_CLEAR_REASON
PRICKLE1	rejected	rejected	787	MED	1	REJ_NO_CLEAR_REASON
PRIMPOL	rejected	rejected	822	MED	1	REJ_NO_CLEAR_REASON
PRKAA1	rejected	rejected	895	OK	0	OK
PRKCB	rejected	rejected	891	OK	0	OK
PRKCI	rejected	rejected	891	OK	0	OK
PRKN	rejected	rejected	887	OK	0	OK
PRKRA	rejected	rejected	882	MED	1	REJ_NO_CLEAR_REASON
PRM1	rejected	rejected	887	OK	0	OK
PRM2	rejected	rejected	749	MED	1	REJ_NO_CLEAR_REASON
PROP1	rejected	rejected	803	MED	1	REJ_NO_CLEAR_REASON
PRRX2	rejected	rejected	766	MED	1	REJ_NO_CLEAR_REASON
PTCH2	rejected	rejected	751	MED	1	REJ_NO_CLEAR_REASON
PTER	rejected	rejected	768	MED	1	REJ_NO_CLEAR_REASON
PTGES3	rejected	rejected	770	MED	1	REJ_NO_CLEAR_REASON
PTGS2	rejected	rejected	783	MED	1	REJ_NO_CLEAR_REASON
PTH1R	rejected	rejected	772	MED	1	REJ_NO_CLEAR_REASON
PTMA	rejected	rejected	755	MED	1	REJ_NO_CLEAR_REASON
PTMS	rejected	rejected	757	MED	1	REJ_NO_CLEAR_REASON
PTTG1	rejected	rejected	796	MED	1	REJ_NO_CLEAR_REASON
PURA	rejected	rejected	775	MED	1	REJ_NO_CLEAR_REASON
PYCARD	rejected	rejected	775	MED	1	REJ_NO_CLEAR_REASON
Pmf1	rejected	rejected	855	MED	1	REJ_NO_CLEAR_REASON
RACGAP1	rejected	rejected	819	MED	1	REJ_NO_CLEAR_REASON
RACK1	rejected	rejected	891	OK	0	OK
RAI1	rejected	rejected	761	MED	1	REJ_NO_CLEAR_REASON
RARB	rejected	rejected	795	MED	1	REJ_NO_CLEAR_REASON
RAX	rejected	rejected	775	MED	1	REJ_NO_CLEAR_REASON
RB1CC1	rejected	rejected	803	MED	1	REJ_NO_CLEAR_REASON
RBL1	rejected	rejected	779	MED	1	REJ_NO_CLEAR_REASON
RBL2	rejected	rejected	776	MED	1	REJ_NO_CLEAR_REASON
RBX1	rejected	rejected	887	OK	0	OK
RCC1	rejected	rejected	776	MED	1	REJ_NO_CLEAR_REASON
RD3	rejected	rejected	783	MED	1	REJ_NO_CLEAR_REASON
RERE	rejected	rejected	826	MED	1	REJ_NO_CLEAR_REASON
REV1	rejected	rejected	887	OK	0	OK
RGCC	rejected	rejected	760	MED	1	REJ_NO_CLEAR_REASON
RIOK2	rejected	rejected	730	MED	1	REJ_NO_CLEAR_REASON
RLBP1	rejected	rejected	772	MED	1	REJ_NO_CLEAR_REASON
RMI1	rejected	rejected	772	MED	1	REJ_NO_CLEAR_REASON
RORB	rejected	rejected	801	MED	1	REJ_NO_CLEAR_REASON
RRM2	rejected	rejected	887	OK	0	OK
RTCA	rejected	rejected	772	MED	1	REJ_NO_CLEAR_REASON
RTEL1	rejected	rejected	785	MED	1	REJ_NO_CLEAR_REASON
RUBCN	rejected	rejected	768	MED	1	REJ_NO_CLEAR_REASON
RUVBL1	rejected	rejected	791	MED	1	REJ_NO_CLEAR_REASON
RUVBL2	rejected	rejected	791	MED	1	REJ_NO_CLEAR_REASON
RXRB	rejected	rejected	762	MED	1	REJ_NO_CLEAR_REASON
RXRG	rejected	rejected	762	MED	1	REJ_NO_CLEAR_REASON
RYR2	rejected	rejected	764	MED	1	REJ_NO_CLEAR_REASON
Rhox5	rejected	rejected	859	MED	1	REJ_NO_CLEAR_REASON
Rrn3	rejected	rejected	855	MED	1	REJ_NO_CLEAR_REASON
SAFB	rejected	rejected	765	MED	1	REJ_NO_CLEAR_REASON
SAMD4A	rejected	rejected	761	MED	1	REJ_NO_CLEAR_REASON
SARS1	rejected	rejected	771	MED	1	REJ_NO_CLEAR_REASON
SASH1	rejected	rejected	773	MED	1	REJ_NO_CLEAR_REASON
SAV1	rejected	rejected	824	MED	1	REJ_NO_CLEAR_REASON
SCAI	rejected	rejected	773	MED	1	REJ_NO_CLEAR_REASON
SCYL1	rejected	rejected	742	MED	1	REJ_NO_CLEAR_REASON
SELENBP1	rejected	rejected	776	MED	1	REJ_NO_CLEAR_REASON
SEMA4B	rejected	rejected	757	MED	1	REJ_NO_CLEAR_REASON
SENP1	rejected	rejected	891	OK	0	OK
SESN1	rejected	rejected	750	MED	1	REJ_NO_CLEAR_REASON
SGK1	rejected	rejected	778	MED	1	REJ_NO_CLEAR_REASON
SGK3	rejected	rejected	791	MED	1	REJ_NO_CLEAR_REASON
SGMS1	rejected	rejected	764	MED	1	REJ_NO_CLEAR_REASON
SGO1	rejected	rejected	749	MED	1	REJ_NO_CLEAR_REASON
SHF	rejected	rejected	770	MED	1	REJ_NO_CLEAR_REASON
SHMT1	rejected	rejected	820	MED	1	REJ_NO_CLEAR_REASON
SHOC2	rejected	rejected	829	MED	1	REJ_NO_CLEAR_REASON
SHOX	rejected	rejected	750	MED	1	REJ_NO_CLEAR_REASON
SHOX2	rejected	rejected	756	MED	1	REJ_NO_CLEAR_REASON
SIGLEC11	rejected	rejected	769	MED	1	REJ_NO_CLEAR_REASON
SIK2	rejected	rejected	761	MED	1	REJ_NO_CLEAR_REASON
SIM1	rejected	rejected	820	MED	1	REJ_NO_CLEAR_REASON
SIM2	rejected	rejected	820	MED	1	REJ_NO_CLEAR_REASON
SIPA1	rejected	rejected	831	MED	1	REJ_NO_CLEAR_REASON
SIX3	rejected	rejected	785	MED	1	REJ_NO_CLEAR_REASON
SIX4	rejected	rejected	784	MED	1	REJ_NO_CLEAR_REASON
SIX5	rejected	rejected	784	MED	1	REJ_NO_CLEAR_REASON
SIX6	rejected	rejected	785	MED	1	REJ_NO_CLEAR_REASON
SKA1	rejected	rejected	766	MED	1	REJ_NO_CLEAR_REASON
SKA2	rejected	rejected	767	MED	1	REJ_NO_CLEAR_REASON
SKIL	rejected	rejected	786	MED	1	REJ_NO_CLEAR_REASON
SKP1	rejected	rejected	815	MED	1	REJ_NO_CLEAR_REASON
SKP2	rejected	rejected	817	MED	1	REJ_NO_CLEAR_REASON
SLA	rejected	rejected	756	MED	1	REJ_NO_CLEAR_REASON
SLFN11	rejected	rejected	769	MED	1	REJ_NO_CLEAR_REASON
SLX4	rejected	rejected	854	MED	1	REJ_NO_CLEAR_REASON
SMAD5	rejected	rejected	762	MED	1	REJ_NO_CLEAR_REASON
SMAD6	rejected	rejected	761	MED	1	REJ_NO_CLEAR_REASON
SMAD7	rejected	rejected	767	MED	1	REJ_NO_CLEAR_REASON
SMN1	rejected	rejected	780	MED	1	REJ_NO_CLEAR_REASON
SMN2	rejected	rejected	575	OK	0	OK
SMOX	rejected	rejected	754	MED	1	REJ_NO_CLEAR_REASON
SMUG1	rejected	rejected	868	MED	1	REJ_NO_CLEAR_REASON
SMURF2	rejected	rejected	895	OK	0	OK
SND1	rejected	rejected	792	MED	1	REJ_NO_CLEAR_REASON
SOBP	rejected	rejected	803	MED	1	REJ_NO_CLEAR_REASON
SOCS1	rejected	rejected	781	MED	1	REJ_NO_CLEAR_REASON
SOCS4	rejected	rejected	775	MED	1	REJ_NO_CLEAR_REASON
SOCS6	rejected	rejected	775	MED	1	REJ_NO_CLEAR_REASON
SOHLH2	rejected	rejected	783	MED	1	REJ_NO_CLEAR_REASON
SOS2	rejected	rejected	786	MED	1	REJ_NO_CLEAR_REASON
SOX18	rejected	rejected	812	MED	1	REJ_NO_CLEAR_REASON
SOX21	rejected	rejected	811	MED	1	REJ_NO_CLEAR_REASON
SOX5	rejected	rejected	806	MED	1	REJ_NO_CLEAR_REASON
SOX7	rejected	rejected	807	MED	1	REJ_NO_CLEAR_REASON
SOX8	rejected	rejected	806	MED	1	REJ_NO_CLEAR_REASON
SP100	rejected	rejected	762	MED	1	REJ_NO_CLEAR_REASON
SP110	rejected	rejected	796	MED	1	REJ_NO_CLEAR_REASON
SP5	rejected	rejected	797	MED	1	REJ_NO_CLEAR_REASON
SP6	rejected	rejected	797	MED	1	REJ_NO_CLEAR_REASON
SP9	rejected	rejected	796	MED	1	REJ_NO_CLEAR_REASON
SPAG4	rejected	rejected	744	MED	1	REJ_NO_CLEAR_REASON
SPAG5	rejected	rejected	773	MED	1	REJ_NO_CLEAR_REASON
SPAST	rejected	rejected	749	MED	1	REJ_NO_CLEAR_REASON
SPDEF	rejected	rejected	852	MED	1	REJ_NO_CLEAR_REASON
SPDL1	rejected	rejected	781	MED	1	REJ_NO_CLEAR_REASON
SPEG	rejected	rejected	799	MED	1	REJ_NO_CLEAR_REASON
SPHK2	rejected	rejected	761	MED	1	REJ_NO_CLEAR_REASON
SPIC	rejected	rejected	813	MED	1	REJ_NO_CLEAR_REASON
SPIN1	rejected	rejected	756	MED	1	REJ_NO_CLEAR_REASON
SPOP	rejected	rejected	761	MED	1	REJ_NO_CLEAR_REASON
SPRED1	rejected	rejected	840	MED	1	REJ_NO_CLEAR_REASON
SPRY1	rejected	rejected	775	MED	1	REJ_NO_CLEAR_REASON
SQSTM1	rejected	rejected	765	MED	1	REJ_NO_CLEAR_REASON
SRA1	rejected	rejected	770	MED	1	REJ_NO_CLEAR_REASON
SREBF1	rejected	rejected	808	MED	1	REJ_NO_CLEAR_REASON
SREBF2	rejected	rejected	852	MED	1	REJ_NO_CLEAR_REASON
SRM	rejected	rejected	759	MED	1	REJ_NO_CLEAR_REASON
SRP54	rejected	rejected	765	MED	1	REJ_NO_CLEAR_REASON
SRRM1	rejected	rejected	817	MED	1	REJ_NO_CLEAR_REASON
SRRT	rejected	rejected	822	MED	1	REJ_NO_CLEAR_REASON
SSH1	rejected	rejected	753	MED	1	REJ_NO_CLEAR_REASON
ST14	rejected	rejected	782	MED	1	REJ_NO_CLEAR_REASON
ST7	rejected	rejected	767	MED	1	REJ_NO_CLEAR_REASON
STAB1	rejected	rejected	752	MED	1	REJ_NO_CLEAR_REASON
STIL	rejected	rejected	772	MED	1	REJ_NO_CLEAR_REASON
STIP1	rejected	rejected	891	OK	0	OK
STN1	rejected	rejected	793	MED	1	REJ_NO_CLEAR_REASON
STUB1	rejected	rejected	891	OK	0	OK
STX2	rejected	rejected	753	MED	1	REJ_NO_CLEAR_REASON
STXBP1	rejected	rejected	771	MED	1	REJ_NO_CLEAR_REASON
SUFU	rejected	rejected	784	MED	1	REJ_NO_CLEAR_REASON
SUN2	rejected	rejected	772	MED	1	REJ_NO_CLEAR_REASON
SYCP3	rejected	rejected	765	MED	1	REJ_NO_CLEAR_REASON
SYNE1	rejected	rejected	843	MED	1	REJ_NO_CLEAR_REASON
SYNGAP1	rejected	rejected	789	MED	1	REJ_NO_CLEAR_REASON
Snurf	rejected	rejected	859	MED	1	REJ_NO_CLEAR_REASON
TAB2	rejected	rejected	887	OK	0	OK
TAGLN	rejected	rejected	752	MED	1	REJ_NO_CLEAR_REASON
TAX1BP3	rejected	rejected	830	MED	1	REJ_NO_CLEAR_REASON
TBL1XR1	rejected	rejected	784	MED	1	REJ_NO_CLEAR_REASON
TBR1	rejected	rejected	772	MED	1	REJ_NO_CLEAR_REASON
TBX15	rejected	rejected	780	MED	1	REJ_NO_CLEAR_REASON
TBX19	rejected	rejected	780	MED	1	REJ_NO_CLEAR_REASON
TBX20	rejected	rejected	781	MED	1	REJ_NO_CLEAR_REASON
TBX4	rejected	rejected	776	MED	1	REJ_NO_CLEAR_REASON
TBX6	rejected	rejected	776	MED	1	REJ_NO_CLEAR_REASON
TBXT	rejected	rejected	766	MED	1	REJ_NO_CLEAR_REASON
TCF12	rejected	rejected	764	MED	1	REJ_NO_CLEAR_REASON
TCF7L1	rejected	rejected	832	MED	1	REJ_NO_CLEAR_REASON
TCOF1	rejected	rejected	778	MED	1	REJ_NO_CLEAR_REASON
TDP1	rejected	rejected	769	MED	1	REJ_NO_CLEAR_REASON
TDP2	rejected	rejected	769	MED	1	REJ_NO_CLEAR_REASON
TEAD2	rejected	rejected	802	MED	1	REJ_NO_CLEAR_REASON
TEN1	rejected	rejected	807	MED	1	REJ_NO_CLEAR_REASON
TERF1	rejected	rejected	774	MED	1	REJ_NO_CLEAR_REASON
TERF2	rejected	rejected	774	MED	1	REJ_NO_CLEAR_REASON
TERF2IP	rejected	rejected	830	MED	1	REJ_NO_CLEAR_REASON
TEX14	rejected	rejected	838	MED	1	REJ_NO_CLEAR_REASON
TEX19	rejected	rejected	736	MED	1	REJ_NO_CLEAR_REASON
TFAP2B	rejected	rejected	774	MED	1	REJ_NO_CLEAR_REASON
TFAP4	rejected	rejected	792	MED	1	REJ_NO_CLEAR_REASON
TFCP2	rejected	rejected	765	MED	1	REJ_NO_CLEAR_REASON
TFCP2L1	rejected	rejected	811	MED	1	REJ_NO_CLEAR_REASON
TFDP1	rejected	rejected	766	MED	1	REJ_NO_CLEAR_REASON
TFEC	rejected	rejected	760	MED	1	REJ_NO_CLEAR_REASON
TGFB1I1	rejected	rejected	795	MED	1	REJ_NO_CLEAR_REASON
TGIF1	rejected	rejected	804	MED	1	REJ_NO_CLEAR_REASON
TGIF2	rejected	rejected	803	MED	1	REJ_NO_CLEAR_REASON
TGIF2LY	rejected	rejected	764	MED	1	REJ_NO_CLEAR_REASON
THBD	rejected	rejected	757	MED	1	REJ_NO_CLEAR_REASON
THEMIS	rejected	rejected	774	MED	1	REJ_NO_CLEAR_REASON
THRA	rejected	rejected	768	MED	1	REJ_NO_CLEAR_REASON
THRB	rejected	rejected	768	MED	1	REJ_NO_CLEAR_REASON
THRSP	rejected	rejected	767	MED	1	REJ_NO_CLEAR_REASON
TIMELESS	rejected	rejected	809	MED	1	REJ_NO_CLEAR_REASON
TINCR	rejected	rejected	771	MED	1	REJ_NO_CLEAR_REASON
TINF2	rejected	rejected	819	MED	1	REJ_NO_CLEAR_REASON
TJP2	rejected	rejected	762	MED	1	REJ_NO_CLEAR_REASON
TKT	rejected	rejected	749	MED	1	REJ_NO_CLEAR_REASON
TLE1	rejected	rejected	824	MED	1	REJ_NO_CLEAR_REASON
TLE3	rejected	rejected	823	MED	1	REJ_NO_CLEAR_REASON
TLE4	rejected	rejected	823	MED	1	REJ_NO_CLEAR_REASON
TLX1	rejected	rejected	794	MED	1	REJ_NO_CLEAR_REASON
TLX3	rejected	rejected	794	MED	1	REJ_NO_CLEAR_REASON
TMPO	rejected	rejected	750	MED	1	REJ_NO_CLEAR_REASON
TMSB4X	rejected	rejected	800	MED	1	REJ_NO_CLEAR_REASON
TNFAIP8	rejected	rejected	774	MED	1	REJ_NO_CLEAR_REASON
TNFRSF19	rejected	rejected	794	MED	1	REJ_NO_CLEAR_REASON
TNFSF4	rejected	rejected	767	MED	1	REJ_NO_CLEAR_REASON
TNIK	rejected	rejected	771	MED	1	REJ_NO_CLEAR_REASON
TNKS	rejected	rejected	817	MED	1	REJ_NO_CLEAR_REASON
TNKS2	rejected	rejected	823	MED	1	REJ_NO_CLEAR_REASON
TNMD	rejected	rejected	742	MED	1	REJ_NO_CLEAR_REASON
TNNI1	rejected	rejected	754	MED	1	REJ_NO_CLEAR_REASON
TNNT1	rejected	rejected	772	MED	1	REJ_NO_CLEAR_REASON
TNNT2	rejected	rejected	766	MED	1	REJ_NO_CLEAR_REASON
TNP2	rejected	rejected	757	MED	1	REJ_NO_CLEAR_REASON
TNPO1	rejected	rejected	754	MED	1	REJ_NO_CLEAR_REASON
TNPO3	rejected	rejected	754	MED	1	REJ_NO_CLEAR_REASON
TOB1	rejected	rejected	785	MED	1	REJ_NO_CLEAR_REASON
TOLLIP	rejected	rejected	768	MED	1	REJ_NO_CLEAR_REASON
TOR1A	rejected	rejected	804	MED	1	REJ_NO_CLEAR_REASON
TOX3	rejected	rejected	781	MED	1	REJ_NO_CLEAR_REASON
TP53BP1	rejected	rejected	788	MED	1	REJ_NO_CLEAR_REASON
TP53BP2	rejected	rejected	777	MED	1	REJ_NO_CLEAR_REASON
TP53INP1	rejected	rejected	859	MED	1	REJ_NO_CLEAR_REASON
TP53INP2	rejected	rejected	772	MED	1	REJ_NO_CLEAR_REASON
TP73	rejected	rejected	755	MED	1	REJ_NO_CLEAR_REASON
TPI1	rejected	rejected	764	MED	1	REJ_NO_CLEAR_REASON
TPRX2	rejected	rejected	744	MED	1	REJ_NO_CLEAR_REASON
TPX2	rejected	rejected	804	MED	1	REJ_NO_CLEAR_REASON
TRADD	rejected	rejected	816	MED	1	REJ_NO_CLEAR_REASON
TRAF1	rejected	rejected	773	MED	1	REJ_NO_CLEAR_REASON
TRAF4	rejected	rejected	773	MED	1	REJ_NO_CLEAR_REASON
TREX1	rejected	rejected	774	MED	1	REJ_NO_CLEAR_REASON
TREX2	rejected	rejected	772	MED	1	REJ_NO_CLEAR_REASON
TRIB2	rejected	rejected	764	MED	1	REJ_NO_CLEAR_REASON
TRIB3	rejected	rejected	891	OK	0	OK
TRIM29	rejected	rejected	774	MED	1	REJ_NO_CLEAR_REASON
TRIM32	rejected	rejected	855	OK	0	OK
TRIM33	rejected	rejected	895	OK	0	OK
TRIM37	rejected	rejected	801	MED	1	REJ_NO_CLEAR_REASON
TRIM56	rejected	rejected	757	MED	1	REJ_NO_CLEAR_REASON
TRIP13	rejected	rejected	782	MED	1	REJ_NO_CLEAR_REASON
TRIP4	rejected	rejected	778	MED	1	REJ_NO_CLEAR_REASON
TRIP6	rejected	rejected	777	MED	1	REJ_NO_CLEAR_REASON
TRPM7	rejected	rejected	879	MED	1	REJ_NO_CLEAR_REASON
TRRAP	rejected	rejected	853	MED	1	REJ_NO_CLEAR_REASON
TSC22D3	rejected	rejected	807	MED	1	REJ_NO_CLEAR_REASON
TSG101	rejected	rejected	801	MED	1	REJ_NO_CLEAR_REASON
TTBK2	rejected	rejected	761	MED	1	REJ_NO_CLEAR_REASON
TTF2	rejected	rejected	827	MED	1	REJ_NO_CLEAR_REASON
TTK	rejected	rejected	754	MED	1	REJ_NO_CLEAR_REASON
TTL	rejected	rejected	758	MED	1	REJ_NO_CLEAR_REASON
TTN	rejected	rejected	748	MED	1	REJ_NO_CLEAR_REASON
TWIST2	rejected	rejected	838	MED	1	REJ_NO_CLEAR_REASON
TXN	rejected	rejected	752	MED	1	REJ_NO_CLEAR_REASON
TXNL1	rejected	rejected	780	MED	1	REJ_NO_CLEAR_REASON
TXNRD1	rejected	rejected	771	MED	1	REJ_NO_CLEAR_REASON
TYMP	rejected	rejected	766	MED	1	REJ_NO_CLEAR_REASON
Tbl1x	rejected	rejected	859	MED	1	REJ_NO_CLEAR_REASON
Tsga8	rejected	rejected	859	MED	1	REJ_NO_CLEAR_REASON
Txnl4a	rejected	rejected	863	MED	1	REJ_NO_CLEAR_REASON
UBTF	rejected	rejected	833	MED	1	REJ_NO_CLEAR_REASON
UNC93B1	rejected	rejected	782	MED	1	REJ_NO_CLEAR_REASON
UNG	rejected	rejected	760	MED	1	REJ_NO_CLEAR_REASON
UPK3A	rejected	rejected	735	MED	1	REJ_NO_CLEAR_REASON
UPRT	rejected	rejected	812	MED	1	REJ_NO_CLEAR_REASON
URM1	rejected	rejected	766	MED	1	REJ_NO_CLEAR_REASON
UROD	rejected	rejected	767	MED	1	REJ_NO_CLEAR_REASON
UROS	rejected	rejected	767	MED	1	REJ_NO_CLEAR_REASON
USF2	rejected	rejected	822	MED	1	REJ_NO_CLEAR_REASON
UTY	rejected	rejected	805	MED	1	REJ_NO_CLEAR_REASON
UXT	rejected	rejected	782	MED	1	REJ_NO_CLEAR_REASON
VGLL4	rejected	rejected	769	MED	1	REJ_NO_CLEAR_REASON
VIRMA	rejected	rejected	784	MED	1	REJ_NO_CLEAR_REASON
VSIG4	rejected	rejected	785	MED	1	REJ_NO_CLEAR_REASON
VSX1	rejected	rejected	761	MED	1	REJ_NO_CLEAR_REASON
WAC	rejected	rejected	780	MED	1	REJ_NO_CLEAR_REASON
WDHD1	rejected	rejected	800	MED	1	REJ_NO_CLEAR_REASON
WDR4	rejected	rejected	820	MED	1	REJ_NO_CLEAR_REASON
WDR43	rejected	rejected	737	MED	1	REJ_NO_CLEAR_REASON
WDR62	rejected	rejected	760	MED	1	REJ_NO_CLEAR_REASON
WEE1	rejected	rejected	887	OK	0	OK
WIPI2	rejected	rejected	789	MED	1	REJ_NO_CLEAR_REASON
WNK1	rejected	rejected	887	OK	0	OK
WWC1	rejected	rejected	812	MED	1	REJ_NO_CLEAR_REASON
WWOX	rejected	rejected	812	MED	1	REJ_NO_CLEAR_REASON
WWP2	rejected	rejected	788	MED	1	REJ_NO_CLEAR_REASON
WWTR1	rejected	rejected	788	MED	1	REJ_NO_CLEAR_REASON
XAF1	rejected	rejected	762	MED	1	REJ_NO_CLEAR_REASON
XK	rejected	rejected	796	MED	1	REJ_NO_CLEAR_REASON
XPA	rejected	rejected	883	OK	0	OK
XRCC1	rejected	rejected	891	OK	0	OK
XRCC6	rejected	rejected	891	OK	0	OK
XRN2	rejected	rejected	5546	MED	1	REJ_WITH_NUKE_HPA
Xiap	rejected	rejected	855	MED	1	REJ_NO_CLEAR_REASON
YBX2	rejected	rejected	778	MED	1	REJ_NO_CLEAR_REASON
YBX3	rejected	rejected	778	MED	1	REJ_NO_CLEAR_REASON
YWHAZ	rejected	rejected	908	MED	1	REJ_NO_CLEAR_REASON
ZMPSTE24	rejected	rejected	802	MED	1	REJ_NO_CLEAR_REASON
ZW10	rejected	rejected	761	MED	1	REJ_NO_CLEAR_REASON
ZWILCH	rejected	rejected	746	MED	1	REJ_NO_CLEAR_REASON
ZWINT	rejected	rejected	794	MED	1	REJ_NO_CLEAR_REASON
ZYX	rejected	rejected	740	MED	1	REJ_NO_CLEAR_REASON
