batch_id	priority	gene	path	lines	nuclear_score	issue_count	missing_or_suspect_sources	needs_harvest	needs_reevaluation	recommended_action	state	reason
1	P0	RCBTB1	detail/rejected/RCBTB1/RCBTB1-evaluation.md	49	0	8	HARVEST_FAILURE	True	True	REHARVEST_THEN_REEVALUATE	PENDING	False-absence reject (harvest failure)
1	P0	YPEL1	detail/rejected/YPEL1/YPEL1-evaluation.md	49	0	8	HARVEST_FAILURE	True	True	REHARVEST_THEN_REEVALUATE	PENDING	False-absence reject (harvest failure)
1	P0	PTOV1	detail/rejected/PTOV1/PTOV1-evaluation.md	49	0	8	HARVEST_FAILURE	True	True	REHARVEST_THEN_REEVALUATE	PENDING	False-absence reject (harvest failure)
1	P0	OOEP	detail/rejected/OOEP/OOEP-evaluation.md	49	0	8	HARVEST_FAILURE	True	True	REHARVEST_THEN_REEVALUATE	PENDING	False-absence reject (harvest failure)
1	P0	RMI2	detail/rejected/RMI2/RMI2-evaluation.md	49	0	8	HARVEST_FAILURE	True	True	REHARVEST_THEN_REEVALUATE	PENDING	False-absence reject (harvest failure)
2	P0	URI1	detail/rejected/URI1/URI1-evaluation.md	49	0	8	HARVEST_FAILURE	True	True	REHARVEST_THEN_REEVALUATE	PENDING	False-absence reject (harvest failure)
2	P0	PLSCR4	detail/rejected/PLSCR4/PLSCR4-evaluation.md	49	0	8	HARVEST_FAILURE	True	True	REHARVEST_THEN_REEVALUATE	PENDING	False-absence reject (harvest failure)
2	P0	TSPY8	detail/rejected/TSPY8/TSPY8-evaluation.md	49	0	8	HARVEST_FAILURE	True	True	REHARVEST_THEN_REEVALUATE	PENDING	False-absence reject (harvest failure)
2	P0	MACO1	detail/rejected/MACO1/MACO1-evaluation.md	49	0	8	HARVEST_FAILURE	True	True	REHARVEST_THEN_REEVALUATE	PENDING	False-absence reject (harvest failure)
2	P0	SYNE3	detail/rejected/SYNE3/SYNE3-evaluation.md	49	0	8	HARVEST_FAILURE	True	True	REHARVEST_THEN_REEVALUATE	PENDING	False-absence reject (harvest failure)
3	P0	JMJD7	detail/rejected/JMJD7/JMJD7-evaluation.md	49	0	8	HARVEST_FAILURE	True	True	REHARVEST_THEN_REEVALUATE	PENDING	False-absence reject (harvest failure)
3	P0	PLEKHA2	detail/rejected/PLEKHA2/PLEKHA2-evaluation.md	49	0	8	HARVEST_FAILURE	True	True	REHARVEST_THEN_REEVALUATE	PENDING	False-absence reject (harvest failure)
3	P0	FIRRM	detail/rejected/FIRRM/FIRRM-evaluation.md	49	0	8	HARVEST_FAILURE	True	True	REHARVEST_THEN_REEVALUATE	PENDING	False-absence reject (harvest failure)
3	P0	FAM9B	detail/rejected/FAM9B/FAM9B-evaluation.md	49	0	8	HARVEST_FAILURE	True	True	REHARVEST_THEN_REEVALUATE	PENDING	False-absence reject (harvest failure)
3	P0	INPP4A	detail/rejected/INPP4A/INPP4A-evaluation.md	49	0	8	HARVEST_FAILURE	True	True	REHARVEST_THEN_REEVALUATE	PENDING	False-absence reject (harvest failure)
4	P0	IFFO1	detail/rejected/IFFO1/IFFO1-evaluation.md	49	0	8	HARVEST_FAILURE	True	True	REHARVEST_THEN_REEVALUATE	PENDING	False-absence reject (harvest failure)
4	P0	NDOR1	detail/rejected/NDOR1/NDOR1-evaluation.md	49	0	8	HARVEST_FAILURE	True	True	REHARVEST_THEN_REEVALUATE	PENDING	False-absence reject (harvest failure)
4	P0	PTTG1IP	detail/rejected/PTTG1IP/PTTG1IP-evaluation.md	49	0	8	HARVEST_FAILURE	True	True	REHARVEST_THEN_REEVALUATE	PENDING	False-absence reject (harvest failure)
4	P0	TSPY9	detail/rejected/TSPY9/TSPY9-evaluation.md	49	0	8	HARVEST_FAILURE	True	True	REHARVEST_THEN_REEVALUATE	PENDING	False-absence reject (harvest failure)
4	P0	WDR74	detail/rejected/WDR74/WDR74-evaluation.md	49	0	8	HARVEST_FAILURE	True	True	REHARVEST_THEN_REEVALUATE	PENDING	False-absence reject (harvest failure)
5	P0	DAZ4	detail/rejected/DAZ4/DAZ4-evaluation.md	49	0	8	HARVEST_FAILURE	True	True	REHARVEST_THEN_REEVALUATE	PENDING	False-absence reject (harvest failure)
5	P0	KLHDC10	detail/rejected/KLHDC10/KLHDC10-evaluation.md	49	0	8	HARVEST_FAILURE	True	True	REHARVEST_THEN_REEVALUATE	PENDING	False-absence reject (harvest failure)
5	P0	GHDC	detail/rejected/GHDC/GHDC-evaluation.md	49	0	8	HARVEST_FAILURE	True	True	REHARVEST_THEN_REEVALUATE	PENDING	False-absence reject (harvest failure)
5	P0	STYX	detail/rejected/STYX/STYX-evaluation.md	49	0	8	HARVEST_FAILURE	True	True	REHARVEST_THEN_REEVALUATE	PENDING	False-absence reject (harvest failure)
5	P0	LYRM4	detail/rejected/LYRM4/LYRM4-evaluation.md	49	0	8	HARVEST_FAILURE	True	True	REHARVEST_THEN_REEVALUATE	PENDING	False-absence reject (harvest failure)
6	P0	NTMT2	detail/rejected/NTMT2/NTMT2-evaluation.md	49	0	8	HARVEST_FAILURE	True	True	REHARVEST_THEN_REEVALUATE	PENDING	False-absence reject (harvest failure)
6	P0	TATDN1	detail/rejected/TATDN1/TATDN1-evaluation.md	49	0	8	HARVEST_FAILURE	True	True	REHARVEST_THEN_REEVALUATE	PENDING	False-absence reject (harvest failure)
6	P0	WDR18	detail/rejected/WDR18/WDR18-evaluation.md	49	0	8	HARVEST_FAILURE	True	True	REHARVEST_THEN_REEVALUATE	PENDING	False-absence reject (harvest failure)
6	P0	Ifi211	detail/rejected/Ifi211/Ifi211-evaluation.md	49	0	8	HARVEST_FAILURE	True	True	REHARVEST_THEN_REEVALUATE	PENDING	False-absence reject (harvest failure)
6	P0	SHISA5	detail/rejected/SHISA5/SHISA5-evaluation.md	49	0	8	HARVEST_FAILURE	True	True	REHARVEST_THEN_REEVALUATE	PENDING	False-absence reject (harvest failure)
7	P0	TRAK1	detail/rejected/TRAK1/TRAK1-evaluation.md	49	0	8	HARVEST_FAILURE	True	True	REHARVEST_THEN_REEVALUATE	PENDING	False-absence reject (harvest failure)
7	P0	Gm52993	detail/rejected/Gm52993/Gm52993-evaluation.md	49	0	8	HARVEST_FAILURE	True	True	REHARVEST_THEN_REEVALUATE	PENDING	False-absence reject (harvest failure)
7	P0	KLHL20	detail/rejected/KLHL20/KLHL20-evaluation.md	49	0	8	HARVEST_FAILURE	True	True	REHARVEST_THEN_REEVALUATE	PENDING	False-absence reject (harvest failure)
7	P0	ELAC1	detail/rejected/ELAC1/ELAC1-evaluation.md	49	0	8	HARVEST_FAILURE	True	True	REHARVEST_THEN_REEVALUATE	PENDING	False-absence reject (harvest failure)
7	P0	ELP5	detail/rejected/ELP5/ELP5-evaluation.md	49	0	8	HARVEST_FAILURE	True	True	REHARVEST_THEN_REEVALUATE	PENDING	False-absence reject (harvest failure)
8	P0	TC2N	detail/rejected/TC2N/TC2N-evaluation.md	49	0	8	HARVEST_FAILURE	True	True	REHARVEST_THEN_REEVALUATE	PENDING	False-absence reject (harvest failure)
8	P0	SEPTIN12	detail/rejected/SEPTIN12/SEPTIN12-evaluation.md	49	0	8	HARVEST_FAILURE	True	True	REHARVEST_THEN_REEVALUATE	PENDING	False-absence reject (harvest failure)
8	P0	NICN1	detail/rejected/NICN1/NICN1-evaluation.md	49	0	8	HARVEST_FAILURE	True	True	REHARVEST_THEN_REEVALUATE	PENDING	False-absence reject (harvest failure)
8	P0	TRIM68	detail/rejected/TRIM68/TRIM68-evaluation.md	49	0	8	HARVEST_FAILURE	True	True	REHARVEST_THEN_REEVALUATE	PENDING	False-absence reject (harvest failure)
8	P0	XRRA1	detail/rejected/XRRA1/XRRA1-evaluation.md	49	0	8	HARVEST_FAILURE	True	True	REHARVEST_THEN_REEVALUATE	PENDING	False-absence reject (harvest failure)
9	P0	TERB2	detail/rejected/TERB2/TERB2-evaluation.md	49	0	8	HARVEST_FAILURE	True	True	REHARVEST_THEN_REEVALUATE	PENDING	False-absence reject (harvest failure)
9	P0	DGCR6L	detail/rejected/DGCR6L/DGCR6L-evaluation.md	49	0	8	HARVEST_FAILURE	True	True	REHARVEST_THEN_REEVALUATE	PENDING	False-absence reject (harvest failure)
9	P0	PRR19	detail/rejected/PRR19/PRR19-evaluation.md	49	0	8	HARVEST_FAILURE	True	True	REHARVEST_THEN_REEVALUATE	PENDING	False-absence reject (harvest failure)
9	P0	Trap1a	detail/rejected/Trap1a/Trap1a-evaluation.md	49	0	8	HARVEST_FAILURE	True	True	REHARVEST_THEN_REEVALUATE	PENDING	False-absence reject (harvest failure)
9	P0	RUSC1	detail/rejected/RUSC1/RUSC1-evaluation.md	49	0	8	HARVEST_FAILURE	True	True	REHARVEST_THEN_REEVALUATE	PENDING	False-absence reject (harvest failure)
10	P0	STPG1	detail/rejected/STPG1/STPG1-evaluation.md	49	0	8	HARVEST_FAILURE	True	True	REHARVEST_THEN_REEVALUATE	PENDING	False-absence reject (harvest failure)
10	P0	TMC8	detail/rejected/TMC8/TMC8-evaluation.md	49	0	8	HARVEST_FAILURE	True	True	REHARVEST_THEN_REEVALUATE	PENDING	False-absence reject (harvest failure)
10	P0	TNKS1BP1	detail/rejected/TNKS1BP1/TNKS1BP1-evaluation.md	49	0	8	HARVEST_FAILURE	True	True	REHARVEST_THEN_REEVALUATE	PENDING	False-absence reject (harvest failure)
10	P0	RAMACL	detail/rejected/RAMACL/RAMACL-evaluation.md	49	0	8	HARVEST_FAILURE	True	True	REHARVEST_THEN_REEVALUATE	PENDING	False-absence reject (harvest failure)
10	P0	DNAAF4	detail/rejected/DNAAF4/DNAAF4-evaluation.md	49	0	8	HARVEST_FAILURE	True	True	REHARVEST_THEN_REEVALUATE	PENDING	False-absence reject (harvest failure)
11	P0	Sox19	detail/rejected/Sox19/Sox19-evaluation.md	49	0	8	HARVEST_FAILURE	True	True	REHARVEST_THEN_REEVALUATE	PENDING	False-absence reject (harvest failure)
11	P0	PPM1E	detail/rejected/PPM1E/PPM1E-evaluation.md	49	0	8	HARVEST_FAILURE	True	True	REHARVEST_THEN_REEVALUATE	PENDING	False-absence reject (harvest failure)
11	P0	GARIN3	detail/rejected/GARIN3/GARIN3-evaluation.md	49	0	8	HARVEST_FAILURE	True	True	REHARVEST_THEN_REEVALUATE	PENDING	False-absence reject (harvest failure)
11	P0	DUX3	detail/rejected/DUX3/DUX3-evaluation.md	49	0	8	HARVEST_FAILURE	True	True	REHARVEST_THEN_REEVALUATE	PENDING	False-absence reject (harvest failure)
11	P0	DYNLT4	detail/rejected/DYNLT4/DYNLT4-evaluation.md	49	0	8	HARVEST_FAILURE	True	True	REHARVEST_THEN_REEVALUATE	PENDING	False-absence reject (harvest failure)
12	P0	ZNG1C	detail/rejected/ZNG1C/ZNG1C-evaluation.md	49	0	8	HARVEST_FAILURE	True	True	REHARVEST_THEN_REEVALUATE	PENDING	False-absence reject (harvest failure)
12	P0	HINT3	detail/rejected/HINT3/HINT3-evaluation.md	49	0	8	HARVEST_FAILURE	True	True	REHARVEST_THEN_REEVALUATE	PENDING	False-absence reject (harvest failure)
12	P0	JPT2	detail/rejected/JPT2/JPT2-evaluation.md	49	0	8	HARVEST_FAILURE	True	True	REHARVEST_THEN_REEVALUATE	PENDING	False-absence reject (harvest failure)
12	P0	NUPR2	detail/rejected/NUPR2/NUPR2-evaluation.md	49	0	8	HARVEST_FAILURE	True	True	REHARVEST_THEN_REEVALUATE	PENDING	False-absence reject (harvest failure)
12	P0	COMMD6	detail/rejected/COMMD6/COMMD6-evaluation.md	56	0	8	HARVEST_FAILURE	True	True	REHARVEST_THEN_REEVALUATE	PENDING	False-absence reject (harvest failure)
13	P0	COMMD8	detail/rejected/COMMD8/COMMD8-evaluation.md	56	0	8	HARVEST_FAILURE	True	True	REHARVEST_THEN_REEVALUATE	PENDING	False-absence reject (harvest failure)
13	P0	MSL3B	detail/rejected/MSL3B/MSL3B-evaluation.md	49	0	8	HARVEST_FAILURE	True	True	REHARVEST_THEN_REEVALUATE	PENDING	False-absence reject (harvest failure)
13	P0	Oog1	detail/rejected/Oog1/Oog1-evaluation.md	49	0	8	HARVEST_FAILURE	True	True	REHARVEST_THEN_REEVALUATE	PENDING	False-absence reject (harvest failure)
13	P0	CCDC89	detail/rejected/CCDC89/CCDC89-evaluation.md	56	0	8	HARVEST_FAILURE	True	True	REHARVEST_THEN_REEVALUATE	PENDING	False-absence reject (harvest failure)
13	P0	SSUH2	detail/rejected/SSUH2/SSUH2-evaluation.md	49	0	8	HARVEST_FAILURE	True	True	REHARVEST_THEN_REEVALUATE	PENDING	False-absence reject (harvest failure)
14	P0	KLHDC2	detail/rejected/KLHDC2/KLHDC2-evaluation.md	49	0	8	HARVEST_FAILURE	True	True	REHARVEST_THEN_REEVALUATE	PENDING	False-absence reject (harvest failure)
14	P0	HMGB4	detail/rejected/HMGB4/HMGB4-evaluation.md	49	0	8	HARVEST_FAILURE	True	True	REHARVEST_THEN_REEVALUATE	PENDING	False-absence reject (harvest failure)
14	P0	COMMD9	detail/rejected/COMMD9/COMMD9-evaluation.md	56	0	8	HARVEST_FAILURE	True	True	REHARVEST_THEN_REEVALUATE	PENDING	False-absence reject (harvest failure)
14	P0	TUBD1	detail/rejected/TUBD1/TUBD1-evaluation.md	49	0	8	HARVEST_FAILURE	True	True	REHARVEST_THEN_REEVALUATE	PENDING	False-absence reject (harvest failure)
14	P0	RFPL3	detail/rejected/RFPL3/RFPL3-evaluation.md	49	0	8	HARVEST_FAILURE	True	True	REHARVEST_THEN_REEVALUATE	PENDING	False-absence reject (harvest failure)
15	P0	SAAL1	detail/rejected/SAAL1/SAAL1-evaluation.md	49	0	8	HARVEST_FAILURE	True	True	REHARVEST_THEN_REEVALUATE	PENDING	False-absence reject (harvest failure)
15	P0	Slfn1	detail/rejected/Slfn1/Slfn1-evaluation.md	49	0	8	HARVEST_FAILURE	True	True	REHARVEST_THEN_REEVALUATE	PENDING	False-absence reject (harvest failure)
15	P0	MID1IP1	detail/rejected/MID1IP1/MID1IP1-evaluation.md	49	0	8	HARVEST_FAILURE	True	True	REHARVEST_THEN_REEVALUATE	PENDING	False-absence reject (harvest failure)
15	P0	Isoc2a	detail/rejected/Isoc2a/Isoc2a-evaluation.md	49	0	8	HARVEST_FAILURE	True	True	REHARVEST_THEN_REEVALUATE	PENDING	False-absence reject (harvest failure)
15	P0	ERICH6	detail/rejected/ERICH6/ERICH6-evaluation.md	49	0	8	HARVEST_FAILURE	True	True	REHARVEST_THEN_REEVALUATE	PENDING	False-absence reject (harvest failure)
16	P0	DUX5	detail/rejected/DUX5/DUX5-evaluation.md	49	0	8	HARVEST_FAILURE	True	True	REHARVEST_THEN_REEVALUATE	PENDING	False-absence reject (harvest failure)
16	P0	TSEN15	detail/rejected/TSEN15/TSEN15-evaluation.md	49	0	8	HARVEST_FAILURE	True	True	REHARVEST_THEN_REEVALUATE	PENDING	False-absence reject (harvest failure)
16	P0	ZNG1E	detail/rejected/ZNG1E/ZNG1E-evaluation.md	49	0	8	HARVEST_FAILURE	True	True	REHARVEST_THEN_REEVALUATE	PENDING	False-absence reject (harvest failure)
16	P0	SPATA4	detail/rejected/SPATA4/SPATA4-evaluation.md	49	0	8	HARVEST_FAILURE	True	True	REHARVEST_THEN_REEVALUATE	PENDING	False-absence reject (harvest failure)
16	P0	SPATA33	detail/rejected/SPATA33/SPATA33-evaluation.md	49	0	8	HARVEST_FAILURE	True	True	REHARVEST_THEN_REEVALUATE	PENDING	False-absence reject (harvest failure)
17	P0	ZNG1B	detail/rejected/ZNG1B/ZNG1B-evaluation.md	49	0	8	HARVEST_FAILURE	True	True	REHARVEST_THEN_REEVALUATE	PENDING	False-absence reject (harvest failure)
17	P0	Fam209	detail/rejected/Fam209/Fam209-evaluation.md	49	0	8	HARVEST_FAILURE	True	True	REHARVEST_THEN_REEVALUATE	PENDING	False-absence reject (harvest failure)
17	P0	TESK2	detail/rejected/TESK2/TESK2-evaluation.md	49	0	8	HARVEST_FAILURE	True	True	REHARVEST_THEN_REEVALUATE	PENDING	False-absence reject (harvest failure)
17	P0	MCRIP2	detail/rejected/MCRIP2/MCRIP2-evaluation.md	49	0	8	HARVEST_FAILURE	True	True	REHARVEST_THEN_REEVALUATE	PENDING	False-absence reject (harvest failure)
17	P0	DCUN1D5	detail/rejected/DCUN1D5/DCUN1D5-evaluation.md	49	0	8	HARVEST_FAILURE	True	True	REHARVEST_THEN_REEVALUATE	PENDING	False-absence reject (harvest failure)
18	P0	YPEL3	detail/rejected/YPEL3/YPEL3-evaluation.md	49	0	8	HARVEST_FAILURE	True	True	REHARVEST_THEN_REEVALUATE	PENDING	False-absence reject (harvest failure)
18	P0	SPATA46	detail/rejected/SPATA46/SPATA46-evaluation.md	49	0	8	HARVEST_FAILURE	True	True	REHARVEST_THEN_REEVALUATE	PENDING	False-absence reject (harvest failure)
18	P0	SCNM1	detail/rejected/SCNM1/SCNM1-evaluation.md	49	0	8	HARVEST_FAILURE	True	True	REHARVEST_THEN_REEVALUATE	PENDING	False-absence reject (harvest failure)
18	P0	CTDSPL2	detail/rejected/CTDSPL2/CTDSPL2-evaluation.md	49	0	8	HARVEST_FAILURE	True	True	REHARVEST_THEN_REEVALUATE	PENDING	False-absence reject (harvest failure)
18	P0	PCNP	detail/rejected/PCNP/PCNP-evaluation.md	49	0	8	HARVEST_FAILURE	True	True	REHARVEST_THEN_REEVALUATE	PENDING	False-absence reject (harvest failure)
19	P0	TSEN34	detail/rejected/TSEN34/TSEN34-evaluation.md	49	0	8	HARVEST_FAILURE	True	True	REHARVEST_THEN_REEVALUATE	PENDING	False-absence reject (harvest failure)
19	P0	MBLAC1	detail/rejected/MBLAC1/MBLAC1-evaluation.md	49	0	8	HARVEST_FAILURE	True	True	REHARVEST_THEN_REEVALUATE	PENDING	False-absence reject (harvest failure)
19	P0	TBATA	detail/rejected/TBATA/TBATA-evaluation.md	49	0	8	HARVEST_FAILURE	True	True	REHARVEST_THEN_REEVALUATE	PENDING	False-absence reject (harvest failure)
19	P0	TDRP	detail/rejected/TDRP/TDRP-evaluation.md	49	0	8	HARVEST_FAILURE	True	True	REHARVEST_THEN_REEVALUATE	PENDING	False-absence reject (harvest failure)
19	P0	TSTD1	detail/rejected/TSTD1/TSTD1-evaluation.md	49	0	8	HARVEST_FAILURE	True	True	REHARVEST_THEN_REEVALUATE	PENDING	False-absence reject (harvest failure)
20	P0	SPATA24	detail/rejected/SPATA24/SPATA24-evaluation.md	49	0	8	HARVEST_FAILURE	True	True	REHARVEST_THEN_REEVALUATE	PENDING	False-absence reject (harvest failure)
20	P0	Tex24	detail/rejected/Tex24/Tex24-evaluation.md	49	0	8	HARVEST_FAILURE	True	True	REHARVEST_THEN_REEVALUATE	PENDING	False-absence reject (harvest failure)
20	P0	DGCR6	detail/rejected/DGCR6/DGCR6-evaluation.md	49	0	8	HARVEST_FAILURE	True	True	REHARVEST_THEN_REEVALUATE	PENDING	False-absence reject (harvest failure)
20	P0	DCUN1D3	detail/rejected/DCUN1D3/DCUN1D3-evaluation.md	49	0	8	HARVEST_FAILURE	True	True	REHARVEST_THEN_REEVALUATE	PENDING	False-absence reject (harvest failure)
20	P0	DCANP1	detail/rejected/DCANP1/DCANP1-evaluation.md	49	0	8	HARVEST_FAILURE	True	True	REHARVEST_THEN_REEVALUATE	PENDING	False-absence reject (harvest failure)
21	P0	CPHXL	detail/rejected/CPHXL/CPHXL-evaluation.md	56	0	8	HARVEST_FAILURE	True	True	REHARVEST_THEN_REEVALUATE	PENDING	False-absence reject (harvest failure)
21	P0	SLX1A	detail/rejected/SLX1A/SLX1A-evaluation.md	49	0	8	HARVEST_FAILURE	True	True	REHARVEST_THEN_REEVALUATE	PENDING	False-absence reject (harvest failure)
21	P0	SPIN2B	detail/rejected/SPIN2B/SPIN2B-evaluation.md	49	0	8	HARVEST_FAILURE	True	True	REHARVEST_THEN_REEVALUATE	PENDING	False-absence reject (harvest failure)
21	P0	CPHXL2	detail/rejected/CPHXL2/CPHXL2-evaluation.md	56	0	8	HARVEST_FAILURE	True	True	REHARVEST_THEN_REEVALUATE	PENDING	False-absence reject (harvest failure)
21	P0	FAM76B	detail/rejected/FAM76B/FAM76B-evaluation.md	49	0	8	HARVEST_FAILURE	True	True	REHARVEST_THEN_REEVALUATE	PENDING	False-absence reject (harvest failure)
22	P0	NUBP2	detail/rejected/NUBP2/NUBP2-evaluation.md	49	0	8	HARVEST_FAILURE	True	True	REHARVEST_THEN_REEVALUATE	PENDING	False-absence reject (harvest failure)
22	P0	SYCP2L	detail/rejected/SYCP2L/SYCP2L-evaluation.md	49	0	8	HARVEST_FAILURE	True	True	REHARVEST_THEN_REEVALUATE	PENDING	False-absence reject (harvest failure)
22	P0	NTAQ1	detail/rejected/NTAQ1/NTAQ1-evaluation.md	49	0	8	HARVEST_FAILURE	True	True	REHARVEST_THEN_REEVALUATE	PENDING	False-absence reject (harvest failure)
22	P0	METTL23	detail/rejected/METTL23/METTL23-evaluation.md	49	0	8	HARVEST_FAILURE	True	True	REHARVEST_THEN_REEVALUATE	PENDING	False-absence reject (harvest failure)
22	P0	FAM9A	detail/rejected/FAM9A/FAM9A-evaluation.md	49	0	8	HARVEST_FAILURE	True	True	REHARVEST_THEN_REEVALUATE	PENDING	False-absence reject (harvest failure)
23	P0	LYRM1	detail/rejected/LYRM1/LYRM1-evaluation.md	49	0	8	HARVEST_FAILURE	True	True	REHARVEST_THEN_REEVALUATE	PENDING	False-absence reject (harvest failure)
23	P0	TATDN3	detail/rejected/TATDN3/TATDN3-evaluation.md	49	0	8	HARVEST_FAILURE	True	True	REHARVEST_THEN_REEVALUATE	PENDING	False-absence reject (harvest failure)
23	P0	KNOP1	detail/rejected/KNOP1/KNOP1-evaluation.md	49	0	8	HARVEST_FAILURE	True	True	REHARVEST_THEN_REEVALUATE	PENDING	False-absence reject (harvest failure)
23	P0	UBXN7	detail/rejected/UBXN7/UBXN7-evaluation.md	49	0	8	HARVEST_FAILURE	True	True	REHARVEST_THEN_REEVALUATE	PENDING	False-absence reject (harvest failure)
23	P0	TSPY2	detail/rejected/TSPY2/TSPY2-evaluation.md	49	0	8	HARVEST_FAILURE	True	True	REHARVEST_THEN_REEVALUATE	PENDING	False-absence reject (harvest failure)
24	P0	FAM53B	detail/rejected/FAM53B/FAM53B-evaluation.md	49	0	8	HARVEST_FAILURE	True	True	REHARVEST_THEN_REEVALUATE	PENDING	False-absence reject (harvest failure)
24	P0	TSPY10	detail/rejected/TSPY10/TSPY10-evaluation.md	49	0	8	HARVEST_FAILURE	True	True	REHARVEST_THEN_REEVALUATE	PENDING	False-absence reject (harvest failure)
24	P0	TRAPPC12	detail/rejected/TRAPPC12/TRAPPC12-evaluation.md	49	0	8	HARVEST_FAILURE	True	True	REHARVEST_THEN_REEVALUATE	PENDING	False-absence reject (harvest failure)
24	P0	FRG2B	detail/rejected/FRG2B/FRG2B-evaluation.md	49	0	8	HARVEST_FAILURE	True	True	REHARVEST_THEN_REEVALUATE	PENDING	False-absence reject (harvest failure)
24	P0	Xlr5c	detail/rejected/Xlr5c/Xlr5c-evaluation.md	49	0	8	HARVEST_FAILURE	True	True	REHARVEST_THEN_REEVALUATE	PENDING	False-absence reject (harvest failure)
25	P0	DAZ1	detail/rejected/DAZ1/DAZ1-evaluation.md	49	0	8	HARVEST_FAILURE	True	True	REHARVEST_THEN_REEVALUATE	PENDING	False-absence reject (harvest failure)
25	P0	TATDN2	detail/rejected/TATDN2/TATDN2-evaluation.md	49	0	8	HARVEST_FAILURE	True	True	REHARVEST_THEN_REEVALUATE	PENDING	False-absence reject (harvest failure)
25	P0	MEIOB	detail/rejected/MEIOB/MEIOB-evaluation.md	49	0	8	HARVEST_FAILURE	True	True	REHARVEST_THEN_REEVALUATE	PENDING	False-absence reject (harvest failure)
25	P0	UBXN6	detail/rejected/UBXN6/UBXN6-evaluation.md	49	0	8	HARVEST_FAILURE	True	True	REHARVEST_THEN_REEVALUATE	PENDING	False-absence reject (harvest failure)
25	P0	Ssxa1	detail/rejected/Ssxa1/Ssxa1-evaluation.md	49	0	8	HARVEST_FAILURE	True	True	REHARVEST_THEN_REEVALUATE	PENDING	False-absence reject (harvest failure)
26	P0	HARBI1	detail/rejected/HARBI1/HARBI1-evaluation.md	49	0	8	HARVEST_FAILURE	True	True	REHARVEST_THEN_REEVALUATE	PENDING	False-absence reject (harvest failure)
26	P0	ERFL	detail/rejected/ERFL/ERFL-evaluation.md	49	0	8	HARVEST_FAILURE	True	True	REHARVEST_THEN_REEVALUATE	PENDING	False-absence reject (harvest failure)
26	P0	EDRF1	detail/rejected/EDRF1/EDRF1-evaluation.md	49	0	8	HARVEST_FAILURE	True	True	REHARVEST_THEN_REEVALUATE	PENDING	False-absence reject (harvest failure)
26	P0	URGCP	detail/rejected/URGCP/URGCP-evaluation.md	49	0	8	HARVEST_FAILURE	True	True	REHARVEST_THEN_REEVALUATE	PENDING	False-absence reject (harvest failure)
26	P0	FRG2C	detail/rejected/FRG2C/FRG2C-evaluation.md	49	0	8	HARVEST_FAILURE	True	True	REHARVEST_THEN_REEVALUATE	PENDING	False-absence reject (harvest failure)
27	P0	PNCK	detail/rejected/PNCK/PNCK-evaluation.md	49	0	8	HARVEST_FAILURE	True	True	REHARVEST_THEN_REEVALUATE	PENDING	False-absence reject (harvest failure)
27	P0	TSPY4	detail/rejected/TSPY4/TSPY4-evaluation.md	49	0	8	HARVEST_FAILURE	True	True	REHARVEST_THEN_REEVALUATE	PENDING	False-absence reject (harvest failure)
27	P0	DDIAS	detail/rejected/DDIAS/DDIAS-evaluation.md	49	0	8	HARVEST_FAILURE	True	True	REHARVEST_THEN_REEVALUATE	PENDING	False-absence reject (harvest failure)
27	P0	STPG4	detail/rejected/STPG4/STPG4-evaluation.md	49	0	8	HARVEST_FAILURE	True	True	REHARVEST_THEN_REEVALUATE	PENDING	False-absence reject (harvest failure)
27	P0	QRICH2	detail/rejected/QRICH2/QRICH2-evaluation.md	49	0	8	HARVEST_FAILURE	True	True	REHARVEST_THEN_REEVALUATE	PENDING	False-absence reject (harvest failure)
28	P0	RFWD3	detail/rejected/RFWD3/RFWD3-evaluation.md	49	0	8	HARVEST_FAILURE	True	True	REHARVEST_THEN_REEVALUATE	PENDING	False-absence reject (harvest failure)
28	P0	TCEANC2	detail/rejected/TCEANC2/TCEANC2-evaluation.md	49	0	8	HARVEST_FAILURE	True	True	REHARVEST_THEN_REEVALUATE	PENDING	False-absence reject (harvest failure)
28	P0	KLHL15	detail/rejected/KLHL15/KLHL15-evaluation.md	49	0	8	HARVEST_FAILURE	True	True	REHARVEST_THEN_REEVALUATE	PENDING	False-absence reject (harvest failure)
28	P0	DESI1	detail/rejected/DESI1/DESI1-evaluation.md	49	0	8	HARVEST_FAILURE	True	True	REHARVEST_THEN_REEVALUATE	PENDING	False-absence reject (harvest failure)
28	P0	R3HDM4	detail/rejected/R3HDM4/R3HDM4-evaluation.md	49	0	8	HARVEST_FAILURE	True	True	REHARVEST_THEN_REEVALUATE	PENDING	False-absence reject (harvest failure)
29	P0	WDR55	detail/rejected/WDR55/WDR55-evaluation.md	49	0	8	HARVEST_FAILURE	True	True	REHARVEST_THEN_REEVALUATE	PENDING	False-absence reject (harvest failure)
29	P0	RASL11A	detail/rejected/RASL11A/RASL11A-evaluation.md	49	0	8	HARVEST_FAILURE	True	True	REHARVEST_THEN_REEVALUATE	PENDING	False-absence reject (harvest failure)
29	P0	WDR37	detail/rejected/WDR37/WDR37-evaluation.md	49	0	8	HARVEST_FAILURE	True	True	REHARVEST_THEN_REEVALUATE	PENDING	False-absence reject (harvest failure)
29	P0	NFILZ	detail/rejected/NFILZ/NFILZ-evaluation.md	49	0	8	HARVEST_FAILURE	True	True	REHARVEST_THEN_REEVALUATE	PENDING	False-absence reject (harvest failure)
29	P0	TPP2	detail/rejected/TPP2/TPP2-evaluation.md	49	0	8	HARVEST_FAILURE	True	True	REHARVEST_THEN_REEVALUATE	PENDING	False-absence reject (harvest failure)
30	P0	PRR13	detail/rejected/PRR13/PRR13-evaluation.md	49	0	8	HARVEST_FAILURE	True	True	REHARVEST_THEN_REEVALUATE	PENDING	False-absence reject (harvest failure)
30	P0	TSNAXIP1	detail/rejected/TSNAXIP1/TSNAXIP1-evaluation.md	49	0	8	HARVEST_FAILURE	True	True	REHARVEST_THEN_REEVALUATE	PENDING	False-absence reject (harvest failure)
30	P0	KAZN	detail/rejected/KAZN/KAZN-evaluation.md	49	0	8	HARVEST_FAILURE	True	True	REHARVEST_THEN_REEVALUATE	PENDING	False-absence reject (harvest failure)
30	P0	R3HDM2	detail/rejected/R3HDM2/R3HDM2-evaluation.md	49	0	8	HARVEST_FAILURE	True	True	REHARVEST_THEN_REEVALUATE	PENDING	False-absence reject (harvest failure)
30	P0	FBLL1	detail/rejected/FBLL1/FBLL1-evaluation.md	49	0	8	HARVEST_FAILURE	True	True	REHARVEST_THEN_REEVALUATE	PENDING	False-absence reject (harvest failure)
31	P0	ISOC2	detail/rejected/ISOC2/ISOC2-evaluation.md	49	0	8	HARVEST_FAILURE	True	True	REHARVEST_THEN_REEVALUATE	PENDING	False-absence reject (harvest failure)
31	P0	KLHL22	detail/rejected/KLHL22/KLHL22-evaluation.md	49	0	8	HARVEST_FAILURE	True	True	REHARVEST_THEN_REEVALUATE	PENDING	False-absence reject (harvest failure)
31	P0	MVB12A	detail/rejected/MVB12A/MVB12A-evaluation.md	49	0	8	HARVEST_FAILURE	True	True	REHARVEST_THEN_REEVALUATE	PENDING	False-absence reject (harvest failure)
31	P0	Rasl2-9	detail/rejected/Rasl2-9/Rasl2-9-evaluation.md	49	0	8	HARVEST_FAILURE	True	True	REHARVEST_THEN_REEVALUATE	PENDING	False-absence reject (harvest failure)
31	P0	PTTG2	detail/rejected/PTTG2/PTTG2-evaluation.md	49	0	8	HARVEST_FAILURE	True	True	REHARVEST_THEN_REEVALUATE	PENDING	False-absence reject (harvest failure)
32	P0	Mfap1b	detail/rejected/Mfap1b/Mfap1b-evaluation.md	49	0	8	HARVEST_FAILURE	True	True	REHARVEST_THEN_REEVALUATE	PENDING	False-absence reject (harvest failure)
32	P0	NUGGC	detail/rejected/NUGGC/NUGGC-evaluation.md	49	0	8	HARVEST_FAILURE	True	True	REHARVEST_THEN_REEVALUATE	PENDING	False-absence reject (harvest failure)
32	P0	NACAD	detail/rejected/NACAD/NACAD-evaluation.md	49	0	8	HARVEST_FAILURE	True	True	REHARVEST_THEN_REEVALUATE	PENDING	False-absence reject (harvest failure)
32	P0	STARD9	detail/rejected/STARD9/STARD9-evaluation.md	49	0	8	HARVEST_FAILURE	True	True	REHARVEST_THEN_REEVALUATE	PENDING	False-absence reject (harvest failure)
32	P0	PITPNA	detail/rejected/PITPNA/PITPNA-evaluation.md	49	0	8	HARVEST_FAILURE	True	True	REHARVEST_THEN_REEVALUATE	PENDING	False-absence reject (harvest failure)
33	P0	UBXN2A	detail/rejected/UBXN2A/UBXN2A-evaluation.md	49	0	8	HARVEST_FAILURE	True	True	REHARVEST_THEN_REEVALUATE	PENDING	False-absence reject (harvest failure)
33	P0	OSBPL8	detail/rejected/OSBPL8/OSBPL8-evaluation.md	49	0	8	HARVEST_FAILURE	True	True	REHARVEST_THEN_REEVALUATE	PENDING	False-absence reject (harvest failure)
33	P0	STRADB	detail/rejected/STRADB/STRADB-evaluation.md	49	0	8	HARVEST_FAILURE	True	True	REHARVEST_THEN_REEVALUATE	PENDING	False-absence reject (harvest failure)
33	P0	TOR1B	detail/rejected/TOR1B/TOR1B-evaluation.md	49	0	8	HARVEST_FAILURE	True	True	REHARVEST_THEN_REEVALUATE	PENDING	False-absence reject (harvest failure)
33	P0	Ifi214	detail/rejected/Ifi214/Ifi214-evaluation.md	49	0	8	HARVEST_FAILURE	True	True	REHARVEST_THEN_REEVALUATE	PENDING	False-absence reject (harvest failure)
34	P0	NMRAL1	detail/rejected/NMRAL1/NMRAL1-evaluation.md	49	0	8	HARVEST_FAILURE	True	True	REHARVEST_THEN_REEVALUATE	PENDING	False-absence reject (harvest failure)
34	P0	FANK1	detail/rejected/FANK1/FANK1-evaluation.md	49	0	8	HARVEST_FAILURE	True	True	REHARVEST_THEN_REEVALUATE	PENDING	False-absence reject (harvest failure)
34	P0	KATNBL1	detail/rejected/KATNBL1/KATNBL1-evaluation.md	49	0	8	HARVEST_FAILURE	True	True	REHARVEST_THEN_REEVALUATE	PENDING	False-absence reject (harvest failure)
34	P0	TEX55	detail/rejected/TEX55/TEX55-evaluation.md	49	0	8	HARVEST_FAILURE	True	True	REHARVEST_THEN_REEVALUATE	PENDING	False-absence reject (harvest failure)
34	P0	EPM2A	detail/rejected/EPM2A/EPM2A-evaluation.md	49	0	8	HARVEST_FAILURE	True	True	REHARVEST_THEN_REEVALUATE	PENDING	False-absence reject (harvest failure)
35	P0	EEF1AKMT2	detail/rejected/EEF1AKMT2/EEF1AKMT2-evaluation.md	49	0	8	HARVEST_FAILURE	True	True	REHARVEST_THEN_REEVALUATE	PENDING	False-absence reject (harvest failure)
35	P0	KRCC1	detail/rejected/KRCC1/KRCC1-evaluation.md	49	0	8	HARVEST_FAILURE	True	True	REHARVEST_THEN_REEVALUATE	PENDING	False-absence reject (harvest failure)
35	P0	RFPL1	detail/rejected/RFPL1/RFPL1-evaluation.md	49	0	8	HARVEST_FAILURE	True	True	REHARVEST_THEN_REEVALUATE	PENDING	False-absence reject (harvest failure)
35	P0	NEMP2	detail/rejected/NEMP2/NEMP2-evaluation.md	49	0	8	HARVEST_FAILURE	True	True	REHARVEST_THEN_REEVALUATE	PENDING	False-absence reject (harvest failure)
35	P0	GCHFR	detail/rejected/GCHFR/GCHFR-evaluation.md	49	0	8	HARVEST_FAILURE	True	True	REHARVEST_THEN_REEVALUATE	PENDING	False-absence reject (harvest failure)
36	P0	ETV3L	detail/rejected/ETV3L/ETV3L-evaluation.md	49	0	8	HARVEST_FAILURE	True	True	REHARVEST_THEN_REEVALUATE	PENDING	False-absence reject (harvest failure)
36	P0	TCF24	detail/rejected/TCF24/TCF24-evaluation.md	49	0	8	HARVEST_FAILURE	True	True	REHARVEST_THEN_REEVALUATE	PENDING	False-absence reject (harvest failure)
36	P0	GCFC2	detail/rejected/GCFC2/GCFC2-evaluation.md	49	0	8	HARVEST_FAILURE	True	True	REHARVEST_THEN_REEVALUATE	PENDING	False-absence reject (harvest failure)
36	P0	FSBP	detail/rejected/FSBP/FSBP-evaluation.md	49	0	8	HARVEST_FAILURE	True	True	REHARVEST_THEN_REEVALUATE	PENDING	False-absence reject (harvest failure)
36	P0	KRI1	detail/rejected/KRI1/KRI1-evaluation.md	49	0	8	HARVEST_FAILURE	True	True	REHARVEST_THEN_REEVALUATE	PENDING	False-absence reject (harvest failure)
37	P0	SEL1L2	detail/rejected/SEL1L2/SEL1L2-evaluation.md	49	0	8	HARVEST_FAILURE	True	True	REHARVEST_THEN_REEVALUATE	PENDING	False-absence reject (harvest failure)
37	P0	KBTBD7	detail/rejected/KBTBD7/KBTBD7-evaluation.md	49	0	8	HARVEST_FAILURE	True	True	REHARVEST_THEN_REEVALUATE	PENDING	False-absence reject (harvest failure)
37	P0	TCP10L	detail/rejected/TCP10L/TCP10L-evaluation.md	49	0	8	HARVEST_FAILURE	True	True	REHARVEST_THEN_REEVALUATE	PENDING	False-absence reject (harvest failure)
37	P0	Isoc2b	detail/rejected/Isoc2b/Isoc2b-evaluation.md	49	0	8	HARVEST_FAILURE	True	True	REHARVEST_THEN_REEVALUATE	PENDING	False-absence reject (harvest failure)
37	P0	DUX1	detail/rejected/DUX1/DUX1-evaluation.md	49	0	8	HARVEST_FAILURE	True	True	REHARVEST_THEN_REEVALUATE	PENDING	False-absence reject (harvest failure)
38	P0	RITA1	detail/rejected/RITA1/RITA1-evaluation.md	49	0	8	HARVEST_FAILURE	True	True	REHARVEST_THEN_REEVALUATE	PENDING	False-absence reject (harvest failure)
38	P0	ZNG1F	detail/rejected/ZNG1F/ZNG1F-evaluation.md	49	0	8	HARVEST_FAILURE	True	True	REHARVEST_THEN_REEVALUATE	PENDING	False-absence reject (harvest failure)
38	P0	LANCL2	detail/rejected/LANCL2/LANCL2-evaluation.md	49	0	8	HARVEST_FAILURE	True	True	REHARVEST_THEN_REEVALUATE	PENDING	False-absence reject (harvest failure)
38	P0	KBTBD6	detail/rejected/KBTBD6/KBTBD6-evaluation.md	49	0	8	HARVEST_FAILURE	True	True	REHARVEST_THEN_REEVALUATE	PENDING	False-absence reject (harvest failure)
38	P0	Fbxw15	detail/rejected/Fbxw15/Fbxw15-evaluation.md	49	0	8	HARVEST_FAILURE	True	True	REHARVEST_THEN_REEVALUATE	PENDING	False-absence reject (harvest failure)
39	P0	SSX2B	detail/rejected/SSX2B/SSX2B-evaluation.md	49	0	8	HARVEST_FAILURE	True	True	REHARVEST_THEN_REEVALUATE	PENDING	False-absence reject (harvest failure)
39	P0	VEZT	detail/rejected/VEZT/VEZT-evaluation.md	49	0	8	HARVEST_FAILURE	True	True	REHARVEST_THEN_REEVALUATE	PENDING	False-absence reject (harvest failure)
39	P0	DENND4A	detail/rejected/DENND4A/DENND4A-evaluation.md	53	0	7	HARVEST_FAILURE	True	True	REHARVEST_THEN_REEVALUATE	PENDING	False-absence reject (harvest failure)
39	P0	DYNC1LI1	detail/rejected/DYNC1LI1/DYNC1LI1-evaluation.md	53	0	7	HARVEST_FAILURE	True	True	REHARVEST_THEN_REEVALUATE	PENDING	False-absence reject (harvest failure)
39	P0	DEPDC7	detail/rejected/DEPDC7/DEPDC7-evaluation.md	53	0	7	HARVEST_FAILURE	True	True	REHARVEST_THEN_REEVALUATE	PENDING	False-absence reject (harvest failure)
40	P0	FLII	detail/rejected/FLII/FLII-evaluation.md	54	0	7	HARVEST_FAILURE	True	True	REHARVEST_THEN_REEVALUATE	PENDING	False-absence reject (harvest failure)
