gene	current_path	status	score	lines	nuclear_score	hpa_nuclear	uniprot_nuclear	go_nuclear	chromatin_or_rna_or_dna_related	pubmed_relevant	ppi_relevant	structure_relevant	missing_sources	harvest_completed	rejection_reason	risk_level	recommended_action	reason
SPACA9	detail/rejected/SPACA9/SPACA9-evaluation.md	rejected	?	186	?	False	True	False	False	?	False	True	NONE	True	NUCLEAR_FAIL	CRITICAL_FALSE_REJECTION_RISK	REOPEN_AND_REEVALUATE	risk_assessment
Trim30a	detail/rejected/Trim30a/Trim30a-evaluation.md	rejected	?	160	?	False	False	False	True	?	False	False	NONE	True	NUCLEAR_FAIL	LOW	KEEP_REJECTED	risk_assessment
STEAP3	detail/rejected/STEAP3/STEAP3-evaluation.md	rejected	?	181	?	False	False	False	True	?	False	True	NONE	True	NUCLEAR_FAIL	LOW	KEEP_REJECTED	risk_assessment
SPATA18	detail/rejected/SPATA18/SPATA18-evaluation.md	rejected	?	189	?	False	False	True	True	?	False	False	NONE	True	NUCLEAR_FAIL	CRITICAL_FALSE_REJECTION_RISK	REOPEN_AND_REEVALUATE	risk_assessment
EYA4	detail/rejected/EYA4/EYA4-evaluation.md	rejected	?	178	?	False	False	False	False	?	False	False	NONE	True	NUCLEAR_FAIL	LOW	KEEP_REJECTED	risk_assessment
Nat8f3	detail/rejected/Nat8f3/Nat8f3-evaluation.md	rejected	?	155	?	False	False	False	False	?	False	False	NONE	True	NUCLEAR_FAIL	LOW	KEEP_REJECTED	risk_assessment
MPHOSPH9	detail/rejected/MPHOSPH9/MPHOSPH9-evaluation.md	rejected	?	11	?	False	False	False	False	?	False	False	NONE	True	NUCLEAR_FAIL	LOW	KEEP_REJECTED	risk_assessment
Pak6	detail/rejected/Pak6/Pak6-evaluation.md	rejected	?	182	?	False	True	True	False	?	False	True	NONE	True	NUCLEAR_FAIL	CRITICAL_FALSE_REJECTION_RISK	REOPEN_AND_REEVALUATE	risk_assessment
Zng1	detail/rejected/Zng1/Zng1-evaluation.md	rejected	?	167	?	False	False	False	False	?	False	False	NONE	True	NUCLEAR_FAIL	LOW	KEEP_REJECTED	risk_assessment
SEH1L	detail/rejected/SEH1L/SEH1L-evaluation.md	rejected	?	11	?	False	True	True	False	?	False	True	NONE	True	NUCLEAR_FAIL	CRITICAL_FALSE_REJECTION_RISK	REOPEN_AND_REEVALUATE	risk_assessment
GABARAPL2	detail/rejected/GABARAPL2/GABARAPL2-evaluation.md	rejected	?	184	?	False	False	False	False	?	False	True	NONE	True	NUCLEAR_FAIL	LOW	KEEP_REJECTED	risk_assessment
SPANXD	detail/rejected/SPANXD/SPANXD-evaluation.md	rejected	?	177	?	False	True	False	False	?	False	False	NONE	True	NUCLEAR_FAIL	HIGH_FALSE_REJECTION_RISK	MANUAL_REVIEW	risk_assessment
SLX1B	detail/rejected/SLX1B/SLX1B-evaluation.md	rejected	?	186	?	False	True	True	True	?	False	False	NONE	True	NUCLEAR_FAIL	CRITICAL_FALSE_REJECTION_RISK	REOPEN_AND_REEVALUATE	risk_assessment
GRK3	detail/rejected/GRK3/GRK3-evaluation.md	rejected	?	178	?	False	False	False	False	?	False	False	NONE	True	NUCLEAR_FAIL	LOW	KEEP_REJECTED	risk_assessment
SERGEF	detail/rejected/SERGEF/SERGEF-evaluation.md	rejected	?	11	?	False	True	True	False	?	False	False	NONE	True	NUCLEAR_FAIL	HIGH_FALSE_REJECTION_RISK	MANUAL_REVIEW	risk_assessment
MPHOSPH6	detail/rejected/MPHOSPH6/MPHOSPH6-evaluation.md	rejected	?	11	?	False	True	True	False	?	False	True	NONE	True	NUCLEAR_FAIL	CRITICAL_FALSE_REJECTION_RISK	REOPEN_AND_REEVALUATE	risk_assessment
CMYA5	detail/rejected/CMYA5/CMYA5-evaluation.md	rejected	?	175	?	False	True	True	False	?	False	False	NONE	True	NUCLEAR_FAIL	HIGH_FALSE_REJECTION_RISK	MANUAL_REVIEW	risk_assessment
TEX11	detail/rejected/TEX11/TEX11-evaluation.md	rejected	?	169	?	False	False	False	False	?	False	False	NONE	True	NUCLEAR_FAIL	LOW	KEEP_REJECTED	risk_assessment
NT5C1B	detail/rejected/NT5C1B/NT5C1B-evaluation.md	rejected	?	11	?	False	False	False	False	?	False	False	NONE	True	NUCLEAR_FAIL	LOW	KEEP_REJECTED	risk_assessment
SCAMP1	detail/rejected/SCAMP1/SCAMP1-evaluation.md	rejected	?	123	?	False	False	False	True	?	False	False	NONE	True	NUCLEAR_FAIL	LOW	KEEP_REJECTED	risk_assessment
MLIP	detail/rejected/MLIP/MLIP-evaluation.md	rejected	?	11	?	False	True	True	False	?	False	False	NONE	True	NUCLEAR_FAIL	HIGH_FALSE_REJECTION_RISK	MANUAL_REVIEW	risk_assessment
MOB1A	detail/rejected/MOB1A/MOB1A-evaluation.md	rejected	?	11	?	False	False	False	False	?	False	True	NONE	True	NUCLEAR_FAIL	LOW	KEEP_REJECTED	risk_assessment
NRBF2	detail/rejected/NRBF2/NRBF2-evaluation.md	rejected	?	11	?	False	True	True	False	?	False	True	NONE	True	NUCLEAR_FAIL	CRITICAL_FALSE_REJECTION_RISK	REOPEN_AND_REEVALUATE	risk_assessment
MKKS	detail/rejected/MKKS/MKKS-evaluation.md	rejected	?	194	?	False	True	False	False	?	False	False	NONE	True	NUCLEAR_FAIL	HIGH_FALSE_REJECTION_RISK	MANUAL_REVIEW	risk_assessment
ANXA5	detail/rejected/ANXA5/ANXA5-evaluation.md	rejected	?	182	?	False	False	False	False	?	False	True	NONE	True	NUCLEAR_FAIL	LOW	KEEP_REJECTED	risk_assessment
RTN1	detail/rejected/RTN1/RTN1-evaluation.md	rejected	?	164	?	False	False	True	False	?	False	False	NONE	True	NUCLEAR_FAIL	HIGH_FALSE_REJECTION_RISK	MANUAL_REVIEW	risk_assessment
RALGDS	detail/rejected/RALGDS/RALGDS-evaluation.md	rejected	?	180	?	False	True	False	False	?	False	True	NONE	True	NUCLEAR_FAIL	CRITICAL_FALSE_REJECTION_RISK	REOPEN_AND_REEVALUATE	risk_assessment
AIRIM	detail/rejected/AIRIM/AIRIM-evaluation.md	rejected	?	111	?	False	True	True	False	?	False	True	NONE	True	NUCLEAR_FAIL	CRITICAL_FALSE_REJECTION_RISK	REOPEN_AND_REEVALUATE	risk_assessment
BICD2	detail/rejected/BICD2/BICD2-evaluation.md	rejected	?	191	?	False	True	True	False	?	False	True	NONE	True	NUCLEAR_FAIL	CRITICAL_FALSE_REJECTION_RISK	REOPEN_AND_REEVALUATE	risk_assessment
NHSL1	detail/rejected/NHSL1/NHSL1-evaluation.md	rejected	?	11	?	False	False	False	False	?	False	False	NONE	True	NUCLEAR_FAIL	LOW	KEEP_REJECTED	risk_assessment
TEP1	detail/rejected/TEP1/TEP1-evaluation.md	rejected	?	172	?	False	True	True	False	?	False	False	NONE	True	NUCLEAR_FAIL	HIGH_FALSE_REJECTION_RISK	MANUAL_REVIEW	risk_assessment
PLOD1	detail/rejected/PLOD1/PLOD1-evaluation.md	rejected	?	183	?	False	False	False	True	?	False	False	NONE	True	NUCLEAR_FAIL	LOW	KEEP_REJECTED	risk_assessment
VCF1	detail/rejected/VCF1/VCF1-evaluation.md	rejected	?	162	?	False	False	False	False	?	False	False	NONE	True	NUCLEAR_FAIL	LOW	KEEP_REJECTED	risk_assessment
NME8	detail/rejected/NME8/NME8-evaluation.md	rejected	?	11	?	False	False	True	False	?	False	False	NONE	True	NUCLEAR_FAIL	HIGH_FALSE_REJECTION_RISK	MANUAL_REVIEW	risk_assessment
RSPH1	detail/rejected/RSPH1/RSPH1-evaluation.md	rejected	?	167	?	False	False	True	False	?	False	True	NONE	True	NUCLEAR_FAIL	CRITICAL_FALSE_REJECTION_RISK	REOPEN_AND_REEVALUATE	risk_assessment
MRFAP1	detail/rejected/MRFAP1/MRFAP1-evaluation.md	rejected	?	11	?	False	True	True	False	?	False	False	NONE	True	NUCLEAR_FAIL	HIGH_FALSE_REJECTION_RISK	MANUAL_REVIEW	risk_assessment
MLXIPL	detail/rejected/MLXIPL/MLXIPL-evaluation.md	rejected	?	205	?	False	True	True	True	?	False	True	NONE	True	NUCLEAR_FAIL	CRITICAL_FALSE_REJECTION_RISK	REOPEN_AND_REEVALUATE	risk_assessment
SLFN14	detail/rejected/SLFN14/SLFN14-evaluation.md	rejected	?	176	?	False	True	False	True	?	False	True	NONE	True	NUCLEAR_FAIL	CRITICAL_FALSE_REJECTION_RISK	REOPEN_AND_REEVALUATE	risk_assessment
NUBP1	detail/rejected/NUBP1/NUBP1-evaluation.md	rejected	?	11	?	False	True	False	False	?	False	False	NONE	True	NUCLEAR_FAIL	HIGH_FALSE_REJECTION_RISK	MANUAL_REVIEW	risk_assessment
SPAG8	detail/rejected/SPAG8/SPAG8-evaluation.md	rejected	?	191	?	False	True	True	False	?	False	True	NONE	True	NUCLEAR_FAIL	CRITICAL_FALSE_REJECTION_RISK	REOPEN_AND_REEVALUATE	risk_assessment
SELENOH	detail/rejected/SELENOH/SELENOH-evaluation.md	rejected	?	11	?	False	False	False	False	?	False	False	NONE	True	NUCLEAR_FAIL	LOW	KEEP_REJECTED	risk_assessment
SCRN2	detail/rejected/SCRN2/SCRN2-evaluation.md	rejected	?	11	?	False	False	False	False	?	False	False	NONE	True	NUCLEAR_FAIL	LOW	KEEP_REJECTED	risk_assessment
NMRK2	detail/rejected/NMRK2/NMRK2-evaluation.md	rejected	?	11	?	False	False	True	False	?	False	False	NONE	True	NUCLEAR_FAIL	HIGH_FALSE_REJECTION_RISK	MANUAL_REVIEW	risk_assessment
NOS1AP	detail/rejected/NOS1AP/NOS1AP-evaluation.md	rejected	?	185	?	False	False	True	False	?	False	False	NONE	True	NUCLEAR_FAIL	HIGH_FALSE_REJECTION_RISK	MANUAL_REVIEW	risk_assessment
SAMD10	detail/rejected/SAMD10/SAMD10-evaluation.md	rejected	?	160	?	False	False	False	False	?	False	False	NONE	True	NUCLEAR_FAIL	LOW	KEEP_REJECTED	risk_assessment
MRI1	detail/rejected/MRI1/MRI1-evaluation.md	rejected	?	11	?	False	True	True	False	?	False	True	NONE	True	NUCLEAR_FAIL	CRITICAL_FALSE_REJECTION_RISK	REOPEN_AND_REEVALUATE	risk_assessment
PKP1	detail/rejected/PKP1/PKP1-evaluation.md	rejected	?	184	?	False	True	True	True	?	False	True	NONE	True	NUCLEAR_FAIL	CRITICAL_FALSE_REJECTION_RISK	REOPEN_AND_REEVALUATE	risk_assessment
SPOUT1	detail/rejected/SPOUT1/SPOUT1-evaluation.md	rejected	?	179	?	False	False	False	True	?	False	True	NONE	True	NUCLEAR_FAIL	LOW	KEEP_REJECTED	risk_assessment
SMTN	detail/rejected/SMTN/SMTN-evaluation.md	rejected	?	185	?	False	False	False	True	?	False	True	NONE	True	NUCLEAR_FAIL	LOW	KEEP_REJECTED	risk_assessment
ALKBH6	detail/rejected/ALKBH6/ALKBH6-evaluation.md	rejected	?	123	?	False	True	True	True	?	False	True	NONE	True	NUCLEAR_FAIL	CRITICAL_FALSE_REJECTION_RISK	REOPEN_AND_REEVALUATE	risk_assessment
Tex19.1	detail/rejected/Tex19.1/Tex19.1-evaluation.md	rejected	?	159	?	False	False	False	False	?	False	False	NONE	True	NUCLEAR_FAIL	LOW	KEEP_REJECTED	risk_assessment
NFU1	detail/rejected/NFU1/NFU1-evaluation.md	rejected	?	11	?	False	False	True	False	?	False	True	NONE	True	NUCLEAR_FAIL	CRITICAL_FALSE_REJECTION_RISK	REOPEN_AND_REEVALUATE	risk_assessment
LTA4H	detail/rejected/LTA4H/LTA4H-evaluation.md	rejected	?	183	?	False	False	True	False	?	False	True	NONE	True	NUCLEAR_FAIL	CRITICAL_FALSE_REJECTION_RISK	REOPEN_AND_REEVALUATE	risk_assessment
MON2	detail/rejected/MON2/MON2-evaluation.md	rejected	?	11	?	False	False	False	False	?	False	False	NONE	True	NUCLEAR_FAIL	LOW	KEEP_REJECTED	risk_assessment
WIPI1	detail/rejected/WIPI1/WIPI1-evaluation.md	rejected	?	184	?	False	False	False	True	?	False	False	NONE	True	NUCLEAR_FAIL	LOW	KEEP_REJECTED	risk_assessment
SPAG7	detail/rejected/SPAG7/SPAG7-evaluation.md	rejected	?	186	?	False	True	False	False	?	False	True	NONE	True	NUCLEAR_FAIL	CRITICAL_FALSE_REJECTION_RISK	REOPEN_AND_REEVALUATE	risk_assessment
SAMD11	detail/rejected/SAMD11/SAMD11-evaluation.md	rejected	?	11	?	False	True	False	False	?	False	False	NONE	True	NUCLEAR_FAIL	HIGH_FALSE_REJECTION_RISK	MANUAL_REVIEW	risk_assessment
NME7	detail/rejected/NME7/NME7-evaluation.md	rejected	?	11	?	False	True	True	False	?	False	True	NONE	True	NUCLEAR_FAIL	CRITICAL_FALSE_REJECTION_RISK	REOPEN_AND_REEVALUATE	risk_assessment
SYNJ1	detail/rejected/SYNJ1/SYNJ1-evaluation.md	rejected	?	184	?	False	False	True	False	?	False	True	NONE	True	NUCLEAR_FAIL	CRITICAL_FALSE_REJECTION_RISK	REOPEN_AND_REEVALUATE	risk_assessment
AFMID	detail/rejected/AFMID/AFMID-evaluation.md	rejected	?	173	?	False	True	False	True	?	False	False	NONE	True	NUCLEAR_FAIL	CRITICAL_FALSE_REJECTION_RISK	REOPEN_AND_REEVALUATE	risk_assessment
NPEPPS	detail/rejected/NPEPPS/NPEPPS-evaluation.md	rejected	?	11	?	False	True	False	False	?	False	True	NONE	True	NUCLEAR_FAIL	CRITICAL_FALSE_REJECTION_RISK	REOPEN_AND_REEVALUATE	risk_assessment
RTRAF	detail/rejected/RTRAF/RTRAF-evaluation.md	rejected	?	158	?	False	True	True	True	?	False	True	NONE	True	NUCLEAR_FAIL	CRITICAL_FALSE_REJECTION_RISK	REOPEN_AND_REEVALUATE	risk_assessment
SMTNL1	detail/rejected/SMTNL1/SMTNL1-evaluation.md	rejected	?	184	?	False	True	False	False	?	False	False	NONE	True	NUCLEAR_FAIL	HIGH_FALSE_REJECTION_RISK	MANUAL_REVIEW	risk_assessment
CHFR	detail/rejected/CHFR/CHFR-evaluation.md	rejected	?	179	?	False	True	False	True	?	False	True	NONE	True	NUCLEAR_FAIL	CRITICAL_FALSE_REJECTION_RISK	REOPEN_AND_REEVALUATE	risk_assessment
NHLRC1	detail/rejected/NHLRC1/NHLRC1-evaluation.md	rejected	?	11	?	False	True	True	False	?	False	False	NONE	True	NUCLEAR_FAIL	HIGH_FALSE_REJECTION_RISK	MANUAL_REVIEW	risk_assessment
ROPN1L	detail/rejected/ROPN1L/ROPN1L-evaluation.md	rejected	?	151	?	False	False	True	True	?	False	True	NONE	True	NUCLEAR_FAIL	CRITICAL_FALSE_REJECTION_RISK	REOPEN_AND_REEVALUATE	risk_assessment
ATOX1	detail/rejected/ATOX1/ATOX1-evaluation.md	rejected	?	158	?	False	False	False	True	?	False	True	NONE	True	NUCLEAR_FAIL	LOW	KEEP_REJECTED	risk_assessment
ROGDI	detail/rejected/ROGDI/ROGDI-evaluation.md	rejected	?	168	?	False	True	True	False	?	False	True	NONE	True	NUCLEAR_FAIL	CRITICAL_FALSE_REJECTION_RISK	REOPEN_AND_REEVALUATE	risk_assessment
SBF2	detail/rejected/SBF2/SBF2-evaluation.md	rejected	?	11	?	False	False	True	False	?	False	False	NONE	True	NUCLEAR_FAIL	HIGH_FALSE_REJECTION_RISK	MANUAL_REVIEW	risk_assessment
MMS22L	detail/rejected/MMS22L/MMS22L-evaluation.md	rejected	?	11	?	False	True	True	False	?	False	False	NONE	True	NUCLEAR_FAIL	HIGH_FALSE_REJECTION_RISK	MANUAL_REVIEW	risk_assessment
CACNA1D	detail/rejected/CACNA1D/CACNA1D-evaluation.md	rejected	?	185	?	False	False	False	False	?	False	True	NONE	True	NUCLEAR_FAIL	LOW	KEEP_REJECTED	risk_assessment
NOM1	detail/rejected/NOM1/NOM1-evaluation.md	rejected	?	11	?	False	True	True	False	?	False	False	NONE	True	NUCLEAR_FAIL	HIGH_FALSE_REJECTION_RISK	MANUAL_REVIEW	risk_assessment
RIPPLY2	detail/rejected/RIPPLY2/RIPPLY2-evaluation.md	rejected	?	164	?	False	True	False	False	?	False	False	NONE	True	NUCLEAR_FAIL	HIGH_FALSE_REJECTION_RISK	MANUAL_REVIEW	risk_assessment
MKLN1	detail/rejected/MKLN1/MKLN1-evaluation.md	rejected	?	209	?	False	True	True	True	?	False	True	NONE	True	NUCLEAR_FAIL	CRITICAL_FALSE_REJECTION_RISK	REOPEN_AND_REEVALUATE	risk_assessment
AMDHD2	detail/rejected/AMDHD2/AMDHD2-evaluation.md	rejected	?	120	?	False	False	False	True	?	False	True	NONE	True	NUCLEAR_FAIL	LOW	KEEP_REJECTED	risk_assessment
RTL5	detail/rejected/RTL5/RTL5-evaluation.md	rejected	?	157	?	False	False	False	False	?	False	False	NONE	True	NUCLEAR_FAIL	LOW	KEEP_REJECTED	risk_assessment
ERAP1	detail/rejected/ERAP1/ERAP1-evaluation.md	rejected	?	184	?	False	False	False	False	?	False	True	NONE	True	NUCLEAR_FAIL	LOW	KEEP_REJECTED	risk_assessment
AKAP6	detail/rejected/AKAP6/AKAP6-evaluation.md	rejected	?	129	?	False	True	True	False	?	False	False	NONE	True	NUCLEAR_FAIL	HIGH_FALSE_REJECTION_RISK	MANUAL_REVIEW	risk_assessment
SERPINB13	detail/rejected/SERPINB13/SERPINB13-evaluation.md	rejected	?	11	?	False	False	True	False	?	False	False	NONE	True	NUCLEAR_FAIL	HIGH_FALSE_REJECTION_RISK	MANUAL_REVIEW	risk_assessment
NSRP1	detail/rejected/NSRP1/NSRP1-evaluation.md	rejected	?	11	?	False	True	True	False	?	False	False	NONE	True	NUCLEAR_FAIL	HIGH_FALSE_REJECTION_RISK	MANUAL_REVIEW	risk_assessment
NEXMIF	detail/rejected/NEXMIF/NEXMIF-evaluation.md	rejected	?	11	?	False	True	True	False	?	False	False	NONE	True	NUCLEAR_FAIL	HIGH_FALSE_REJECTION_RISK	MANUAL_REVIEW	risk_assessment
STRN	detail/rejected/STRN/STRN-evaluation.md	rejected	?	184	?	False	False	False	False	?	False	False	NONE	True	NUCLEAR_FAIL	LOW	KEEP_REJECTED	risk_assessment
NCK1	detail/rejected/NCK1/NCK1-evaluation.md	rejected	?	184	?	False	True	False	True	?	False	True	NONE	True	NUCLEAR_FAIL	CRITICAL_FALSE_REJECTION_RISK	REOPEN_AND_REEVALUATE	risk_assessment
XRCC2	detail/rejected/XRCC2/XRCC2-evaluation.md	rejected	?	180	?	False	True	True	True	?	False	True	NONE	True	NUCLEAR_FAIL	CRITICAL_FALSE_REJECTION_RISK	REOPEN_AND_REEVALUATE	risk_assessment
Mfap1a	detail/rejected/Mfap1a/Mfap1a-evaluation.md	rejected	?	155	?	False	False	False	False	?	False	False	NONE	True	NUCLEAR_FAIL	LOW	KEEP_REJECTED	risk_assessment
CARD8	detail/rejected/CARD8/CARD8-evaluation.md	rejected	?	183	?	False	True	True	False	?	False	True	NONE	True	NUCLEAR_FAIL	CRITICAL_FALSE_REJECTION_RISK	REOPEN_AND_REEVALUATE	risk_assessment
HSD3B2	detail/rejected/HSD3B2/HSD3B2-evaluation.md	rejected	?	184	?	False	False	True	False	?	False	False	NONE	True	NUCLEAR_FAIL	HIGH_FALSE_REJECTION_RISK	MANUAL_REVIEW	risk_assessment
MPND	detail/rejected/MPND/MPND-evaluation.md	rejected	?	11	?	False	False	False	False	?	False	False	NONE	True	NUCLEAR_FAIL	LOW	KEEP_REJECTED	risk_assessment
SC5D	detail/rejected/SC5D/SC5D-evaluation.md	rejected	?	11	?	False	False	False	False	?	False	False	NONE	True	NUCLEAR_FAIL	LOW	KEEP_REJECTED	risk_assessment
SBNO1	detail/rejected/SBNO1/SBNO1-evaluation.md	rejected	?	11	?	False	True	False	False	?	False	False	NONE	True	NUCLEAR_FAIL	HIGH_FALSE_REJECTION_RISK	MANUAL_REVIEW	risk_assessment
INPP5E	detail/rejected/INPP5E/INPP5E-evaluation.md	rejected	?	184	?	False	True	False	False	?	False	True	NONE	True	NUCLEAR_FAIL	CRITICAL_FALSE_REJECTION_RISK	REOPEN_AND_REEVALUATE	risk_assessment
RIOX1	detail/rejected/RIOX1/RIOX1-evaluation.md	rejected	?	169	?	False	True	True	True	?	False	True	NONE	True	NUCLEAR_FAIL	CRITICAL_FALSE_REJECTION_RISK	REOPEN_AND_REEVALUATE	risk_assessment
Selenbp2	detail/rejected/Selenbp2/Selenbp2-evaluation.md	rejected	?	159	?	False	False	False	True	?	False	False	NONE	True	NUCLEAR_FAIL	LOW	KEEP_REJECTED	risk_assessment
SIGLEC15	detail/rejected/SIGLEC15/SIGLEC15-evaluation.md	rejected	?	169	?	False	False	False	False	?	False	True	NONE	True	NUCLEAR_FAIL	LOW	KEEP_REJECTED	risk_assessment
LIMK2	detail/rejected/LIMK2/LIMK2-evaluation.md	rejected	?	182	?	False	True	True	False	?	False	True	NONE	True	NUCLEAR_FAIL	CRITICAL_FALSE_REJECTION_RISK	REOPEN_AND_REEVALUATE	risk_assessment
RSRC1	detail/rejected/RSRC1/RSRC1-evaluation.md	rejected	?	164	?	False	True	True	True	?	False	False	NONE	True	NUCLEAR_FAIL	CRITICAL_FALSE_REJECTION_RISK	REOPEN_AND_REEVALUATE	risk_assessment
SNF8	detail/rejected/SNF8/SNF8-evaluation.md	rejected	?	191	?	False	True	True	False	?	False	True	NONE	True	NUCLEAR_FAIL	CRITICAL_FALSE_REJECTION_RISK	REOPEN_AND_REEVALUATE	risk_assessment
SLF2	detail/rejected/SLF2/SLF2-evaluation.md	rejected	?	189	?	False	True	True	True	?	False	True	NONE	True	NUCLEAR_FAIL	CRITICAL_FALSE_REJECTION_RISK	REOPEN_AND_REEVALUATE	risk_assessment
SIRAL1	detail/rejected/SIRAL1/SIRAL1-evaluation.md	rejected	?	155	?	False	False	False	False	?	False	False	NONE	True	NUCLEAR_FAIL	LOW	KEEP_REJECTED	risk_assessment
SLX9	detail/rejected/SLX9/SLX9-evaluation.md	rejected	?	183	?	False	True	True	True	?	False	True	NONE	True	NUCLEAR_FAIL	CRITICAL_FALSE_REJECTION_RISK	REOPEN_AND_REEVALUATE	risk_assessment
Serpina3g	detail/rejected/Serpina3g/Serpina3g-evaluation.md	rejected	?	159	?	False	False	False	False	?	False	False	NONE	True	NUCLEAR_FAIL	LOW	KEEP_REJECTED	risk_assessment
SPANXA2	detail/rejected/SPANXA2/SPANXA2-evaluation.md	rejected	?	177	?	False	True	False	True	?	False	False	NONE	True	NUCLEAR_FAIL	CRITICAL_FALSE_REJECTION_RISK	REOPEN_AND_REEVALUATE	risk_assessment
NFKBIL1	detail/rejected/NFKBIL1/NFKBIL1-evaluation.md	rejected	?	11	?	False	True	True	False	?	False	False	NONE	True	NUCLEAR_FAIL	HIGH_FALSE_REJECTION_RISK	MANUAL_REVIEW	risk_assessment
FBXO7	detail/rejected/FBXO7/FBXO7-evaluation.md	rejected	?	184	?	False	True	True	False	?	False	True	NONE	True	NUCLEAR_FAIL	CRITICAL_FALSE_REJECTION_RISK	REOPEN_AND_REEVALUATE	risk_assessment
RMND5A	detail/rejected/RMND5A/RMND5A-evaluation.md	rejected	?	171	?	False	True	True	True	?	False	True	NONE	True	NUCLEAR_FAIL	CRITICAL_FALSE_REJECTION_RISK	REOPEN_AND_REEVALUATE	risk_assessment
SEPTIN3	detail/rejected/SEPTIN3/SEPTIN3-evaluation.md	rejected	?	11	?	False	False	False	False	?	False	True	NONE	True	NUCLEAR_FAIL	LOW	KEEP_REJECTED	risk_assessment
MORN2	detail/rejected/MORN2/MORN2-evaluation.md	rejected	?	11	?	False	True	False	False	?	False	False	NONE	True	NUCLEAR_FAIL	HIGH_FALSE_REJECTION_RISK	MANUAL_REVIEW	risk_assessment
ALG8	detail/rejected/ALG8/ALG8-evaluation.md	rejected	?	121	?	False	False	False	False	?	False	False	NONE	True	NUCLEAR_FAIL	LOW	KEEP_REJECTED	risk_assessment
NVL	detail/rejected/NVL/NVL-evaluation.md	rejected	?	11	?	False	True	True	False	?	False	True	NONE	True	NUCLEAR_FAIL	CRITICAL_FALSE_REJECTION_RISK	REOPEN_AND_REEVALUATE	risk_assessment
MPPE1	detail/rejected/MPPE1/MPPE1-evaluation.md	rejected	?	11	?	False	False	True	False	?	False	False	NONE	True	NUCLEAR_FAIL	HIGH_FALSE_REJECTION_RISK	MANUAL_REVIEW	risk_assessment
NSMCE1	detail/rejected/NSMCE1/NSMCE1-evaluation.md	rejected	?	11	?	False	True	True	False	?	False	True	NONE	True	NUCLEAR_FAIL	CRITICAL_FALSE_REJECTION_RISK	REOPEN_AND_REEVALUATE	risk_assessment
HERC2	detail/rejected/HERC2/HERC2-evaluation.md	rejected	?	183	?	False	True	True	False	?	False	True	NONE	True	NUCLEAR_FAIL	CRITICAL_FALSE_REJECTION_RISK	REOPEN_AND_REEVALUATE	risk_assessment
NT5C3A	detail/rejected/NT5C3A/NT5C3A-evaluation.md	rejected	?	11	?	False	False	True	False	?	False	True	NONE	True	NUCLEAR_FAIL	CRITICAL_FALSE_REJECTION_RISK	REOPEN_AND_REEVALUATE	risk_assessment
SKA3	detail/rejected/SKA3/SKA3-evaluation.md	rejected	?	184	?	False	False	False	True	?	False	True	NONE	True	NUCLEAR_FAIL	LOW	KEEP_REJECTED	risk_assessment
NAPEPLD	detail/rejected/NAPEPLD/NAPEPLD-evaluation.md	rejected	?	177	?	False	True	True	False	?	False	True	NONE	True	NUCLEAR_FAIL	CRITICAL_FALSE_REJECTION_RISK	REOPEN_AND_REEVALUATE	risk_assessment
SOCS5	detail/rejected/SOCS5/SOCS5-evaluation.md	rejected	?	191	?	False	False	False	True	?	False	False	NONE	True	NUCLEAR_FAIL	LOW	KEEP_REJECTED	risk_assessment
SENP5	detail/rejected/SENP5/SENP5-evaluation.md	rejected	?	11	?	False	True	True	False	?	False	True	NONE	True	NUCLEAR_FAIL	CRITICAL_FALSE_REJECTION_RISK	REOPEN_AND_REEVALUATE	risk_assessment
RUFY2	detail/rejected/RUFY2/RUFY2-evaluation.md	rejected	?	169	?	False	True	False	True	?	False	False	NONE	True	NUCLEAR_FAIL	CRITICAL_FALSE_REJECTION_RISK	REOPEN_AND_REEVALUATE	risk_assessment
SERF1A	detail/rejected/SERF1A/SERF1A-evaluation.md	rejected	?	11	?	False	True	False	False	?	False	False	NONE	True	NUCLEAR_FAIL	HIGH_FALSE_REJECTION_RISK	MANUAL_REVIEW	risk_assessment
SAXO6	detail/rejected/SAXO6/SAXO6-evaluation.md	rejected	?	142	?	False	False	False	False	?	False	False	NONE	True	NUCLEAR_FAIL	LOW	KEEP_REJECTED	risk_assessment
RWDD3	detail/rejected/RWDD3/RWDD3-evaluation.md	rejected	?	166	?	False	True	False	True	?	False	True	NONE	True	NUCLEAR_FAIL	CRITICAL_FALSE_REJECTION_RISK	REOPEN_AND_REEVALUATE	risk_assessment
SKOR1	detail/rejected/SKOR1/SKOR1-evaluation.md	rejected	?	188	?	False	True	False	True	?	False	False	NONE	True	NUCLEAR_FAIL	CRITICAL_FALSE_REJECTION_RISK	REOPEN_AND_REEVALUATE	risk_assessment
NHEJ1	detail/rejected/NHEJ1/NHEJ1-evaluation.md	rejected	?	11	?	False	True	True	False	?	False	True	NONE	True	NUCLEAR_FAIL	CRITICAL_FALSE_REJECTION_RISK	REOPEN_AND_REEVALUATE	risk_assessment
Spin2c	detail/rejected/Spin2c/Spin2c-evaluation.md	rejected	?	155	?	False	False	False	False	?	False	False	NONE	True	NUCLEAR_FAIL	LOW	KEEP_REJECTED	risk_assessment
LORICRIN	detail/rejected/LORICRIN/LORICRIN-evaluation.md	rejected	?	180	?	False	True	True	False	?	False	False	NONE	True	NUCLEAR_FAIL	HIGH_FALSE_REJECTION_RISK	MANUAL_REVIEW	risk_assessment
CMIP	detail/rejected/CMIP/CMIP-evaluation.md	rejected	?	177	?	False	True	True	True	?	False	False	NONE	True	NUCLEAR_FAIL	CRITICAL_FALSE_REJECTION_RISK	REOPEN_AND_REEVALUATE	risk_assessment
RIT2	detail/rejected/RIT2/RIT2-evaluation.md	rejected	?	168	?	False	True	True	False	?	False	False	NONE	True	NUCLEAR_FAIL	HIGH_FALSE_REJECTION_RISK	MANUAL_REVIEW	risk_assessment
MOSPD1	detail/rejected/MOSPD1/MOSPD1-evaluation.md	rejected	?	11	?	False	False	True	False	?	False	False	NONE	True	NUCLEAR_FAIL	HIGH_FALSE_REJECTION_RISK	MANUAL_REVIEW	risk_assessment
ACP4	detail/rejected/ACP4/ACP4-evaluation.md	rejected	?	154	?	False	False	False	False	?	False	False	NONE	True	NUCLEAR_FAIL	LOW	KEEP_REJECTED	risk_assessment
NKIRAS2	detail/rejected/NKIRAS2/NKIRAS2-evaluation.md	rejected	?	11	?	False	False	False	False	?	False	False	NONE	True	NUCLEAR_FAIL	LOW	KEEP_REJECTED	risk_assessment
RSRP1	detail/rejected/RSRP1/RSRP1-evaluation.md	rejected	?	151	?	False	True	False	False	?	False	False	NONE	True	NUCLEAR_FAIL	HIGH_FALSE_REJECTION_RISK	MANUAL_REVIEW	risk_assessment
NRIP2	detail/rejected/NRIP2/NRIP2-evaluation.md	rejected	?	11	?	False	True	False	False	?	False	False	NONE	True	NUCLEAR_FAIL	HIGH_FALSE_REJECTION_RISK	MANUAL_REVIEW	risk_assessment
SNTB2	detail/rejected/SNTB2/SNTB2-evaluation.md	rejected	?	194	?	False	False	True	False	?	False	True	NONE	True	NUCLEAR_FAIL	CRITICAL_FALSE_REJECTION_RISK	REOPEN_AND_REEVALUATE	risk_assessment
Phf11a	detail/rejected/Phf11a/Phf11a-evaluation.md	rejected	?	155	?	False	False	False	False	?	False	False	NONE	True	NUCLEAR_FAIL	LOW	KEEP_REJECTED	risk_assessment
NDEL1	detail/rejected/NDEL1/NDEL1-evaluation.md	rejected	?	184	?	False	False	False	False	?	False	True	NONE	True	NUCLEAR_FAIL	LOW	KEEP_REJECTED	risk_assessment
MOB1B	detail/rejected/MOB1B/MOB1B-evaluation.md	rejected	?	11	?	False	True	False	False	?	False	False	NONE	True	NUCLEAR_FAIL	HIGH_FALSE_REJECTION_RISK	MANUAL_REVIEW	risk_assessment
AKIRIN1	detail/rejected/AKIRIN1/AKIRIN1-evaluation.md	rejected	?	122	?	False	True	True	True	?	False	False	NONE	True	NUCLEAR_FAIL	CRITICAL_FALSE_REJECTION_RISK	REOPEN_AND_REEVALUATE	risk_assessment
TEX12	detail/rejected/TEX12/TEX12-evaluation.md	rejected	?	178	?	False	False	False	False	?	False	True	NONE	True	NUCLEAR_FAIL	LOW	KEEP_REJECTED	risk_assessment
AGPAT4	detail/rejected/AGPAT4/AGPAT4-evaluation.md	rejected	?	114	?	False	False	False	False	?	False	False	NONE	True	NUCLEAR_FAIL	LOW	KEEP_REJECTED	risk_assessment
SPATA22	detail/rejected/SPATA22/SPATA22-evaluation.md	rejected	?	177	?	False	False	False	True	?	False	False	NONE	True	NUCLEAR_FAIL	LOW	KEEP_REJECTED	risk_assessment
FAM193A	detail/rejected/FAM193A/FAM193A-evaluation.md	rejected	?	175	?	False	True	False	False	?	False	False	NONE	True	NUCLEAR_FAIL	HIGH_FALSE_REJECTION_RISK	MANUAL_REVIEW	risk_assessment
SCFD2	detail/rejected/SCFD2/SCFD2-evaluation.md	rejected	?	11	?	False	False	False	False	?	False	False	NONE	True	NUCLEAR_FAIL	LOW	KEEP_REJECTED	risk_assessment
NQO2	detail/rejected/NQO2/NQO2-evaluation.md	rejected	?	183	?	False	False	True	True	?	False	True	NONE	True	NUCLEAR_FAIL	CRITICAL_FALSE_REJECTION_RISK	REOPEN_AND_REEVALUATE	risk_assessment
SCEL	detail/rejected/SCEL/SCEL-evaluation.md	rejected	?	11	?	False	False	True	False	?	False	False	NONE	True	NUCLEAR_FAIL	HIGH_FALSE_REJECTION_RISK	MANUAL_REVIEW	risk_assessment
SPATA13	detail/rejected/SPATA13/SPATA13-evaluation.md	rejected	?	193	?	False	False	True	True	?	False	False	NONE	True	NUCLEAR_FAIL	CRITICAL_FALSE_REJECTION_RISK	REOPEN_AND_REEVALUATE	risk_assessment
SNTG1	detail/rejected/SNTG1/SNTG1-evaluation.md	rejected	?	189	?	False	True	False	True	?	False	True	NONE	True	NUCLEAR_FAIL	CRITICAL_FALSE_REJECTION_RISK	REOPEN_AND_REEVALUATE	risk_assessment
FA2H	detail/rejected/FA2H/FA2H-evaluation.md	rejected	?	179	?	False	False	False	False	?	False	False	NONE	True	NUCLEAR_FAIL	LOW	KEEP_REJECTED	risk_assessment
NABP1	detail/rejected/NABP1/NABP1-evaluation.md	rejected	?	168	?	False	True	False	False	?	False	False	NONE	True	NUCLEAR_FAIL	HIGH_FALSE_REJECTION_RISK	MANUAL_REVIEW	risk_assessment
VBP1	detail/rejected/VBP1/VBP1-evaluation.md	rejected	?	177	?	False	False	False	True	?	False	False	NONE	True	NUCLEAR_FAIL	LOW	KEEP_REJECTED	risk_assessment
RTKN2	detail/rejected/RTKN2/RTKN2-evaluation.md	rejected	?	163	?	False	False	False	True	?	False	False	NONE	True	NUCLEAR_FAIL	LOW	KEEP_REJECTED	risk_assessment
QTGAL	detail/rejected/QTGAL/QTGAL-evaluation.md	rejected	?	159	?	False	False	False	True	?	False	False	NONE	True	NUCLEAR_FAIL	LOW	KEEP_REJECTED	risk_assessment
NOC3L	detail/rejected/NOC3L/NOC3L-evaluation.md	rejected	?	11	?	False	True	True	False	?	False	True	NONE	True	NUCLEAR_FAIL	CRITICAL_FALSE_REJECTION_RISK	REOPEN_AND_REEVALUATE	risk_assessment
SCHIP1	detail/rejected/SCHIP1/SCHIP1-evaluation.md	rejected	?	11	?	False	False	False	False	?	False	False	NONE	True	NUCLEAR_FAIL	LOW	KEEP_REJECTED	risk_assessment
NMRK1	detail/rejected/NMRK1/NMRK1-evaluation.md	rejected	?	11	?	False	False	False	False	?	False	True	NONE	True	NUCLEAR_FAIL	LOW	KEEP_REJECTED	risk_assessment
MRGBP	detail/rejected/MRGBP/MRGBP-evaluation.md	rejected	?	11	?	False	True	True	False	?	False	True	NONE	True	NUCLEAR_FAIL	CRITICAL_FALSE_REJECTION_RISK	REOPEN_AND_REEVALUATE	risk_assessment
NFATC2IP	detail/rejected/NFATC2IP/NFATC2IP-evaluation.md	rejected	?	11	?	False	True	False	False	?	False	True	NONE	True	NUCLEAR_FAIL	CRITICAL_FALSE_REJECTION_RISK	REOPEN_AND_REEVALUATE	risk_assessment
UVRAG	detail/rejected/UVRAG/UVRAG-evaluation.md	rejected	?	184	?	False	False	False	False	?	False	True	NONE	True	NUCLEAR_FAIL	LOW	KEEP_REJECTED	risk_assessment
TBC1D1	detail/rejected/TBC1D1/TBC1D1-evaluation.md	rejected	?	178	?	False	True	False	False	?	False	True	NONE	True	NUCLEAR_FAIL	CRITICAL_FALSE_REJECTION_RISK	REOPEN_AND_REEVALUATE	risk_assessment
MOB2	detail/rejected/MOB2/MOB2-evaluation.md	rejected	?	11	?	False	True	True	False	?	False	False	NONE	True	NUCLEAR_FAIL	HIGH_FALSE_REJECTION_RISK	MANUAL_REVIEW	risk_assessment
NIPAL3	detail/rejected/NIPAL3/NIPAL3-evaluation.md	rejected	?	11	?	False	False	False	False	?	False	False	NONE	True	NUCLEAR_FAIL	LOW	KEEP_REJECTED	risk_assessment
LTC4S	detail/rejected/LTC4S/LTC4S-evaluation.md	rejected	?	182	?	False	True	True	False	?	False	True	NONE	True	NUCLEAR_FAIL	CRITICAL_FALSE_REJECTION_RISK	REOPEN_AND_REEVALUATE	risk_assessment
MMS19	detail/rejected/MMS19/MMS19-evaluation.md	rejected	?	11	?	False	True	True	False	?	False	False	NONE	True	NUCLEAR_FAIL	HIGH_FALSE_REJECTION_RISK	MANUAL_REVIEW	risk_assessment
SELENOM	detail/rejected/SELENOM/SELENOM-evaluation.md	rejected	?	11	?	False	False	True	False	?	False	False	NONE	True	NUCLEAR_FAIL	HIGH_FALSE_REJECTION_RISK	MANUAL_REVIEW	risk_assessment
SDCBP2	detail/rejected/SDCBP2/SDCBP2-evaluation.md	rejected	?	11	?	False	True	True	False	?	False	False	NONE	True	NUCLEAR_FAIL	HIGH_FALSE_REJECTION_RISK	MANUAL_REVIEW	risk_assessment
MOCS2	detail/rejected/MOCS2/MOCS2-evaluation.md	rejected	?	11	?	False	True	False	False	?	False	True	NONE	True	NUCLEAR_FAIL	CRITICAL_FALSE_REJECTION_RISK	REOPEN_AND_REEVALUATE	risk_assessment
SASH3	detail/rejected/SASH3/SASH3-evaluation.md	rejected	?	156	?	False	False	False	True	?	False	False	NONE	True	NUCLEAR_FAIL	LOW	KEEP_REJECTED	risk_assessment
Rhox13	detail/rejected/Rhox13/Rhox13-evaluation.md	rejected	?	146	?	False	False	False	True	?	False	False	NONE	True	NUCLEAR_FAIL	LOW	KEEP_REJECTED	risk_assessment
SACK1A	detail/rejected/SACK1A/SACK1A-evaluation.md	rejected	?	141	?	False	False	False	False	?	False	False	NONE	True	NUCLEAR_FAIL	LOW	KEEP_REJECTED	risk_assessment
SYCP1	detail/rejected/SYCP1/SYCP1-evaluation.md	rejected	?	178	?	False	True	False	True	?	False	True	NONE	True	NUCLEAR_FAIL	CRITICAL_FALSE_REJECTION_RISK	REOPEN_AND_REEVALUATE	risk_assessment
ALKBH2	detail/rejected/ALKBH2/ALKBH2-evaluation.md	rejected	?	121	?	False	True	True	True	?	False	True	NONE	True	NUCLEAR_FAIL	CRITICAL_FALSE_REJECTION_RISK	REOPEN_AND_REEVALUATE	risk_assessment
RTKN	detail/rejected/RTKN/RTKN-evaluation.md	rejected	?	165	?	False	False	False	False	?	False	False	NONE	True	NUCLEAR_FAIL	LOW	KEEP_REJECTED	risk_assessment
NHSL3	detail/rejected/NHSL3/NHSL3-evaluation.md	rejected	?	167	?	False	False	False	False	?	False	False	NONE	True	NUCLEAR_FAIL	LOW	KEEP_REJECTED	risk_assessment
CARF	detail/rejected/CARF/CARF-evaluation.md	rejected	?	177	?	False	True	False	True	?	False	False	NONE	True	NUCLEAR_FAIL	CRITICAL_FALSE_REJECTION_RISK	REOPEN_AND_REEVALUATE	risk_assessment
MIS18A	detail/rejected/MIS18A/MIS18A-evaluation.md	rejected	?	11	?	False	True	True	False	?	False	True	NONE	True	NUCLEAR_FAIL	CRITICAL_FALSE_REJECTION_RISK	REOPEN_AND_REEVALUATE	risk_assessment
ADPRHL1	detail/rejected/ADPRHL1/ADPRHL1-evaluation.md	rejected	?	148	?	False	False	False	True	?	False	False	NONE	True	NUCLEAR_FAIL	LOW	KEEP_REJECTED	risk_assessment
NGDN	detail/rejected/NGDN/NGDN-evaluation.md	rejected	?	11	?	False	True	True	False	?	False	True	NONE	True	NUCLEAR_FAIL	CRITICAL_FALSE_REJECTION_RISK	REOPEN_AND_REEVALUATE	risk_assessment
NPTXR	detail/rejected/NPTXR/NPTXR-evaluation.md	rejected	?	11	?	False	False	False	False	?	False	False	NONE	True	NUCLEAR_FAIL	LOW	KEEP_REJECTED	risk_assessment
RTL6	detail/rejected/RTL6/RTL6-evaluation.md	rejected	?	158	?	False	False	False	False	?	False	False	NONE	True	NUCLEAR_FAIL	LOW	KEEP_REJECTED	risk_assessment
ATG10	detail/rejected/ATG10/ATG10-evaluation.md	rejected	?	170	?	False	False	False	False	?	False	False	NONE	True	NUCLEAR_FAIL	LOW	KEEP_REJECTED	risk_assessment
SERPINB10	detail/rejected/SERPINB10/SERPINB10-evaluation.md	rejected	?	11	?	False	True	True	False	?	False	False	NONE	True	NUCLEAR_FAIL	HIGH_FALSE_REJECTION_RISK	MANUAL_REVIEW	risk_assessment
RCCD1	detail/rejected/RCCD1/RCCD1-evaluation.md	rejected	?	179	?	False	False	False	False	?	False	True	NONE	True	NUCLEAR_FAIL	LOW	KEEP_REJECTED	risk_assessment
AKIP1	detail/rejected/AKIP1/AKIP1-evaluation.md	rejected	?	114	?	False	True	True	True	?	False	False	NONE	True	NUCLEAR_FAIL	CRITICAL_FALSE_REJECTION_RISK	REOPEN_AND_REEVALUATE	risk_assessment
NANP	detail/rejected/NANP/NANP-evaluation.md	rejected	?	177	?	False	False	False	True	?	False	True	NONE	True	NUCLEAR_FAIL	LOW	KEEP_REJECTED	risk_assessment
SULT1E1	detail/rejected/SULT1E1/SULT1E1-evaluation.md	rejected	?	179	?	False	False	True	False	?	False	True	NONE	True	NUCLEAR_FAIL	CRITICAL_FALSE_REJECTION_RISK	REOPEN_AND_REEVALUATE	risk_assessment
MRPL44	detail/rejected/MRPL44/MRPL44-evaluation.md	rejected	?	11	?	False	False	True	False	?	False	True	NONE	True	NUCLEAR_FAIL	CRITICAL_FALSE_REJECTION_RISK	REOPEN_AND_REEVALUATE	risk_assessment
MNS1	detail/rejected/MNS1/MNS1-evaluation.md	rejected	?	11	?	False	True	True	False	?	False	True	NONE	True	NUCLEAR_FAIL	CRITICAL_FALSE_REJECTION_RISK	REOPEN_AND_REEVALUATE	risk_assessment
TRIM63	detail/rejected/TRIM63/TRIM63-evaluation.md	rejected	?	172	?	False	True	False	False	?	False	True	NONE	True	NUCLEAR_FAIL	CRITICAL_FALSE_REJECTION_RISK	REOPEN_AND_REEVALUATE	risk_assessment
GFPT1	detail/rejected/GFPT1/GFPT1-evaluation.md	rejected	?	178	?	False	False	False	False	?	False	True	NONE	True	NUCLEAR_FAIL	LOW	KEEP_REJECTED	risk_assessment
CBLC	detail/rejected/CBLC/CBLC-evaluation.md	rejected	?	178	?	False	False	False	False	?	False	True	NONE	True	NUCLEAR_FAIL	LOW	KEEP_REJECTED	risk_assessment
SBF1	detail/rejected/SBF1/SBF1-evaluation.md	rejected	?	11	?	False	False	True	False	?	False	False	NONE	True	NUCLEAR_FAIL	HIGH_FALSE_REJECTION_RISK	MANUAL_REVIEW	risk_assessment
SEPTIN10	detail/rejected/SEPTIN10/SEPTIN10-evaluation.md	rejected	?	11	?	False	False	False	False	?	False	False	NONE	True	NUCLEAR_FAIL	LOW	KEEP_REJECTED	risk_assessment
NHLRC2	detail/rejected/NHLRC2/NHLRC2-evaluation.md	rejected	?	11	?	False	False	False	False	?	False	True	NONE	True	NUCLEAR_FAIL	LOW	KEEP_REJECTED	risk_assessment
RSRC2	detail/rejected/RSRC2/RSRC2-evaluation.md	rejected	?	159	?	False	False	False	True	?	False	False	NONE	True	NUCLEAR_FAIL	LOW	KEEP_REJECTED	risk_assessment
DLG4	detail/rejected/DLG4/DLG4-evaluation.md	rejected	?	168	?	False	False	False	False	?	False	True	NONE	True	NUCLEAR_FAIL	LOW	KEEP_REJECTED	risk_assessment
SMCR8	detail/rejected/SMCR8/SMCR8-evaluation.md	rejected	?	188	?	False	True	True	True	?	False	True	NONE	True	NUCLEAR_FAIL	CRITICAL_FALSE_REJECTION_RISK	REOPEN_AND_REEVALUATE	risk_assessment
TPPP	detail/rejected/TPPP/TPPP-evaluation.md	rejected	?	184	?	False	True	True	False	?	False	True	NONE	True	NUCLEAR_FAIL	CRITICAL_FALSE_REJECTION_RISK	REOPEN_AND_REEVALUATE	risk_assessment
SEPHS2	detail/rejected/SEPHS2/SEPHS2-evaluation.md	rejected	?	11	?	False	False	False	False	?	False	False	NONE	True	NUCLEAR_FAIL	LOW	KEEP_REJECTED	risk_assessment
MIOS	detail/rejected/MIOS/MIOS-evaluation.md	rejected	?	11	?	False	False	True	False	?	False	True	NONE	True	NUCLEAR_FAIL	CRITICAL_FALSE_REJECTION_RISK	REOPEN_AND_REEVALUATE	risk_assessment
RMP64	detail/rejected/RMP64/RMP64-evaluation.md	rejected	?	154	?	False	True	True	True	?	False	False	NONE	True	NUCLEAR_FAIL	CRITICAL_FALSE_REJECTION_RISK	REOPEN_AND_REEVALUATE	risk_assessment
HSD3B1	detail/rejected/HSD3B1/HSD3B1-evaluation.md	rejected	?	184	?	False	False	True	False	?	False	False	NONE	True	NUCLEAR_FAIL	HIGH_FALSE_REJECTION_RISK	MANUAL_REVIEW	risk_assessment
ADAM33	detail/rejected/ADAM33/ADAM33-evaluation.md	rejected	?	168	?	False	False	False	False	?	False	True	NONE	True	NUCLEAR_FAIL	LOW	KEEP_REJECTED	risk_assessment
NEK1	detail/rejected/NEK1/NEK1-evaluation.md	rejected	?	184	?	False	True	True	True	?	False	True	NONE	True	NUCLEAR_FAIL	CRITICAL_FALSE_REJECTION_RISK	REOPEN_AND_REEVALUATE	risk_assessment
NIF3L1	detail/rejected/NIF3L1/NIF3L1-evaluation.md	rejected	?	11	?	False	True	False	False	?	False	False	NONE	True	NUCLEAR_FAIL	HIGH_FALSE_REJECTION_RISK	MANUAL_REVIEW	risk_assessment
FGF14	detail/rejected/FGF14/FGF14-evaluation.md	rejected	?	178	?	False	True	False	False	?	False	False	NONE	True	NUCLEAR_FAIL	HIGH_FALSE_REJECTION_RISK	MANUAL_REVIEW	risk_assessment
NSMCE4A	detail/rejected/NSMCE4A/NSMCE4A-evaluation.md	rejected	?	11	?	False	True	True	False	?	False	False	NONE	True	NUCLEAR_FAIL	HIGH_FALSE_REJECTION_RISK	MANUAL_REVIEW	risk_assessment
ERP29	detail/rejected/ERP29/ERP29-evaluation.md	rejected	?	183	?	False	False	False	True	?	False	True	NONE	True	NUCLEAR_FAIL	LOW	KEEP_REJECTED	risk_assessment
HDX	detail/rejected/HDX/HDX-evaluation.md	rejected	?	172	?	False	True	False	True	?	False	True	NONE	True	NUCLEAR_FAIL	CRITICAL_FALSE_REJECTION_RISK	REOPEN_AND_REEVALUATE	risk_assessment
NSFL1C	detail/rejected/NSFL1C/NSFL1C-evaluation.md	rejected	?	11	?	False	True	False	False	?	False	True	NONE	True	NUCLEAR_FAIL	CRITICAL_FALSE_REJECTION_RISK	REOPEN_AND_REEVALUATE	risk_assessment
SEPTIN7	detail/rejected/SEPTIN7/SEPTIN7-evaluation.md	rejected	?	11	?	False	False	False	False	?	False	True	NONE	True	NUCLEAR_FAIL	LOW	KEEP_REJECTED	risk_assessment
ANAPC13	detail/rejected/ANAPC13/ANAPC13-evaluation.md	rejected	?	179	?	False	True	False	True	?	False	True	NONE	True	NUCLEAR_FAIL	CRITICAL_FALSE_REJECTION_RISK	REOPEN_AND_REEVALUATE	risk_assessment
SENP7	detail/rejected/SENP7/SENP7-evaluation.md	rejected	?	11	?	False	False	False	False	?	False	True	NONE	True	NUCLEAR_FAIL	LOW	KEEP_REJECTED	risk_assessment
CIB1	detail/rejected/CIB1/CIB1-evaluation.md	rejected	?	184	?	False	True	True	False	?	False	True	NONE	True	NUCLEAR_FAIL	CRITICAL_FALSE_REJECTION_RISK	REOPEN_AND_REEVALUATE	risk_assessment
SIGIRR	detail/rejected/SIGIRR/SIGIRR-evaluation.md	rejected	?	176	?	False	False	False	True	?	False	False	NONE	True	NUCLEAR_FAIL	LOW	KEEP_REJECTED	risk_assessment
BCLAF1	detail/rejected/BCLAF1/BCLAF1-evaluation.md	rejected	?	181	?	False	True	True	True	?	False	True	NONE	True	NUCLEAR_FAIL	CRITICAL_FALSE_REJECTION_RISK	REOPEN_AND_REEVALUATE	risk_assessment
DLGAP5	detail/rejected/DLGAP5/DLGAP5-evaluation.md	rejected	?	181	?	False	True	False	False	?	False	True	NONE	True	NUCLEAR_FAIL	CRITICAL_FALSE_REJECTION_RISK	REOPEN_AND_REEVALUATE	risk_assessment
NOPCHAP1	detail/rejected/NOPCHAP1/NOPCHAP1-evaluation.md	rejected	?	11	?	False	True	False	False	?	False	False	NONE	True	NUCLEAR_FAIL	HIGH_FALSE_REJECTION_RISK	MANUAL_REVIEW	risk_assessment
N4BP3	detail/rejected/N4BP3/N4BP3-evaluation.md	rejected	?	168	?	False	False	False	False	?	False	False	NONE	True	NUCLEAR_FAIL	LOW	KEEP_REJECTED	risk_assessment
TNP1	detail/rejected/TNP1/TNP1-evaluation.md	rejected	?	171	?	False	True	False	True	?	False	False	NONE	True	NUCLEAR_FAIL	CRITICAL_FALSE_REJECTION_RISK	REOPEN_AND_REEVALUATE	risk_assessment
Mycs	detail/rejected/Mycs/Mycs-evaluation.md	rejected	?	164	?	False	False	False	False	?	False	False	NONE	True	NUCLEAR_FAIL	LOW	KEEP_REJECTED	risk_assessment
AGTPBP1	detail/rejected/AGTPBP1/AGTPBP1-evaluation.md	rejected	?	114	?	False	True	True	False	?	False	False	NONE	True	NUCLEAR_FAIL	HIGH_FALSE_REJECTION_RISK	MANUAL_REVIEW	risk_assessment
Obox7	detail/rejected/Obox7/Obox7-evaluation.md	rejected	?	155	?	False	False	False	False	?	False	False	NONE	True	NUCLEAR_FAIL	LOW	KEEP_REJECTED	risk_assessment
Mndal	detail/rejected/Mndal/Mndal-evaluation.md	rejected	?	159	?	False	False	False	True	?	False	False	NONE	True	NUCLEAR_FAIL	LOW	KEEP_REJECTED	risk_assessment
NLE1	detail/rejected/NLE1/NLE1-evaluation.md	rejected	?	11	?	False	True	True	False	?	False	True	NONE	True	NUCLEAR_FAIL	CRITICAL_FALSE_REJECTION_RISK	REOPEN_AND_REEVALUATE	risk_assessment
PCLO	detail/rejected/PCLO/PCLO-evaluation.md	rejected	?	184	?	False	False	False	False	?	False	True	NONE	True	NUCLEAR_FAIL	LOW	KEEP_REJECTED	risk_assessment
CHMP4B	detail/rejected/CHMP4B/CHMP4B-evaluation.md	rejected	?	184	?	False	True	True	True	?	False	True	NONE	True	NUCLEAR_FAIL	CRITICAL_FALSE_REJECTION_RISK	REOPEN_AND_REEVALUATE	risk_assessment
CMAS	detail/rejected/CMAS/CMAS-evaluation.md	rejected	?	172	?	False	True	True	False	?	False	False	NONE	True	NUCLEAR_FAIL	HIGH_FALSE_REJECTION_RISK	MANUAL_REVIEW	risk_assessment
SPANXA1	detail/rejected/SPANXA1/SPANXA1-evaluation.md	rejected	?	179	?	False	True	False	False	?	False	False	NONE	True	NUCLEAR_FAIL	HIGH_FALSE_REJECTION_RISK	MANUAL_REVIEW	risk_assessment
NSMCE3	detail/rejected/NSMCE3/NSMCE3-evaluation.md	rejected	?	11	?	False	True	True	False	?	False	True	NONE	True	NUCLEAR_FAIL	CRITICAL_FALSE_REJECTION_RISK	REOPEN_AND_REEVALUATE	risk_assessment
SMPD4	detail/rejected/SMPD4/SMPD4-evaluation.md	rejected	?	186	?	False	True	True	False	?	False	False	NONE	True	NUCLEAR_FAIL	HIGH_FALSE_REJECTION_RISK	MANUAL_REVIEW	risk_assessment
NAA30	detail/rejected/NAA30/NAA30-evaluation.md	rejected	?	168	?	False	True	False	False	?	False	False	NONE	True	NUCLEAR_FAIL	HIGH_FALSE_REJECTION_RISK	MANUAL_REVIEW	risk_assessment
Obox6	detail/rejected/Obox6/Obox6-evaluation.md	rejected	?	158	?	False	False	False	False	?	False	False	NONE	True	NUCLEAR_FAIL	LOW	KEEP_REJECTED	risk_assessment
SPG11	detail/rejected/SPG11/SPG11-evaluation.md	rejected	?	184	?	False	True	True	False	?	False	True	NONE	True	NUCLEAR_FAIL	CRITICAL_FALSE_REJECTION_RISK	REOPEN_AND_REEVALUATE	risk_assessment
SENP8	detail/rejected/SENP8/SENP8-evaluation.md	rejected	?	11	?	False	False	False	False	?	False	True	NONE	True	NUCLEAR_FAIL	LOW	KEEP_REJECTED	risk_assessment
SAGE1	detail/rejected/SAGE1/SAGE1-evaluation.md	rejected	?	164	?	False	True	True	True	?	False	True	NONE	True	NUCLEAR_FAIL	CRITICAL_FALSE_REJECTION_RISK	REOPEN_AND_REEVALUATE	risk_assessment
Obox8	detail/rejected/Obox8/Obox8-evaluation.md	rejected	?	155	?	False	False	False	False	?	False	False	NONE	True	NUCLEAR_FAIL	LOW	KEEP_REJECTED	risk_assessment
SERF1B	detail/rejected/SERF1B/SERF1B-evaluation.md	rejected	?	11	?	False	True	False	False	?	False	False	NONE	True	NUCLEAR_FAIL	HIGH_FALSE_REJECTION_RISK	MANUAL_REVIEW	risk_assessment
ITSN1	detail/rejected/ITSN1/ITSN1-evaluation.md	rejected	?	184	?	False	True	True	True	?	False	True	NONE	True	NUCLEAR_FAIL	CRITICAL_FALSE_REJECTION_RISK	REOPEN_AND_REEVALUATE	risk_assessment
SEPTIN6	detail/rejected/SEPTIN6/SEPTIN6-evaluation.md	rejected	?	11	?	False	False	False	False	?	False	True	NONE	True	NUCLEAR_FAIL	LOW	KEEP_REJECTED	risk_assessment
GGA1	detail/rejected/GGA1/GGA1-evaluation.md	rejected	?	184	?	False	False	True	False	?	False	True	NONE	True	NUCLEAR_FAIL	CRITICAL_FALSE_REJECTION_RISK	REOPEN_AND_REEVALUATE	risk_assessment
TNIP1	detail/rejected/TNIP1/TNIP1-evaluation.md	rejected	?	178	?	False	True	True	False	?	False	True	NONE	True	NUCLEAR_FAIL	CRITICAL_FALSE_REJECTION_RISK	REOPEN_AND_REEVALUATE	risk_assessment
NRARP	detail/rejected/NRARP/NRARP-evaluation.md	rejected	?	11	?	False	False	False	False	?	False	True	NONE	True	NUCLEAR_FAIL	LOW	KEEP_REJECTED	risk_assessment
SPANXB1	detail/rejected/SPANXB1/SPANXB1-evaluation.md	rejected	?	183	?	False	True	False	False	?	False	False	NONE	True	NUCLEAR_FAIL	HIGH_FALSE_REJECTION_RISK	MANUAL_REVIEW	risk_assessment
